player,comp,round,date,venue,opp,pos,min,type,assisted
ronaldo,Liga NOS,6,10/7/2002,H,Moreirense ,RW,34',,
ronaldo,Liga NOS,6,10/7/2002,H,Moreirense ,,90',,
ronaldo,Liga NOS,8,10/26/2002,A,Boavista,,88',,Carlos Martins
ronaldo,Taça de Portugal Placard,Fourth Round,11/24/2002,H,Estarreja,,67',Left-footed shot,César Prates
ronaldo,Taça de Portugal Placard,Fifth Round,12/18/2002,H,Oliv. Hospital,,13',,
ronaldo,Premier League,11,11/1/2003,H,Portsmouth  ,RW,80',Right-footed shot,
ronaldo,FA Cup,Fifth Round,2/14/2004,H,Man City,RW,74',Tap-in,Ryan Giggs
ronaldo,Premier League,29,3/20/2004,H,Spurs  ,,89',Right-footed shot,
ronaldo,Premier League,32,4/10/2004,A,Birmingham  ,,60',Header,Ryan Giggs
ronaldo,Premier League,38,5/15/2004,A,Aston Villa  ,,4',Right-footed shot,
ronaldo,FA Cup,Final,5/22/2004,H,Millwall,RW,44',Header,Gary Neville
ronaldo,Premier League,16,12/4/2004,H,Southampton  ,,87',Right-footed shot,Gary Neville
ronaldo,FA Cup,Third Round,1/19/2005,A,Exeter City,,9',,Paul Scholes
ronaldo,Premier League,24,1/22/2005,H,Aston Villa  ,,8',Right-footed shot,Louis Saha
ronaldo,Premier League,25,2/1/2005,A,Arsenal  ,RW,54',Left-footed shot,Ryan Giggs
ronaldo,Premier League,25,2/1/2005,A,Arsenal  ,RW,58',Tap-in,Ryan Giggs
ronaldo,FA Cup,Fifth Round,2/19/2005,A,Everton,,58',Tap-in,Paul Scholes
ronaldo,FA Cup,Sixth Round,3/12/2005,A,Southampton,,45'+1,Left-footed shot,Ruud van Nistelrooy
ronaldo,Premier League,30,3/19/2005,H,Fulham  ,,21',Right-footed shot,Roy Keane
ronaldo,FA Cup,Semi-Finals,4/17/2005,A,Newcastle,RW,76',Right-footed shot,Ruud van Nistelrooy
ronaldo,Champions League Qualifying,3rd round,8/9/2005,H,Debrecen,,63',Right-footed shot,Paul Scholes
ronaldo,Premier League,11,10/29/2005,A,Middlesbrough  ,,90',Header,Paul Scholes
ronaldo,EFL Cup,Round of 16,11/30/2005,H,West Brom,RW,12',Penalty,
ronaldo,Premier League,20,12/31/2005,H,Bolton  ,,68',Right-footed shot,Wayne Rooney
ronaldo,Premier League,20,12/31/2005,H,Bolton  ,,90',Left-footed shot,Ruud van Nistelrooy
ronaldo,Premier League,25,2/4/2006,H,Fulham  ,,14',Direct free kick,
ronaldo,,,,,,,87',Right-footed shot,
ronaldo,Premier League,26,2/11/2006,A,Portsmouth  ,RW,38',Left-footed shot,
ronaldo,,,,,,,45',Right-footed shot,Wayne Rooney
ronaldo,EFL Cup,Final,2/26/2006,H,Wigan,RW,59',,Louis Saha
ronaldo,Premier League,28,3/6/2006,A,Wigan  ,,74',Right-footed shot,Ruud van Nistelrooy
ronaldo,Premier League,38,5/7/2006,H,Charlton  ,RW,23',Left-footed shot,Ryan Giggs
ronaldo,Premier League,1,8/20/2006,H,Fulham  ,,19',,Wayne Rooney
ronaldo,Premier League,6,9/23/2006,A,Reading  ,CF,73',,John O'Shea
ronaldo,Premier League,10,10/28/2006,A,Bolton  ,,82',,Louis Saha
ronaldo,Premier League,11,11/4/2006,H,Portsmouth  ,RW,10',Direct free kick,
ronaldo,Premier League,15,11/29/2006,H,Everton  ,,39',,
ronaldo,Premier League,17,12/9/2006,H,Man City  ,,84',,
ronaldo,Premier League,19,12/23/2006,A,Aston Villa  ,,58',,
ronaldo,,,,,,,85',,Gary Neville
ronaldo,Premier League,20,12/26/2006,H,Wigan  ,,47',,Paul Scholes
ronaldo,,,,,,,50',Penalty rebound,Ji-sung Park
ronaldo,Premier League,21,12/30/2006,H,Reading  ,RW,58',,Ole Gunnar Solskjaer
ronaldo,,,,,,,77',,Ryan Giggs
ronaldo,Premier League,23,1/13/2007,H,Aston Villa  ,,34',Header,Michael Carrick
ronaldo,Premier League,25,1/31/2007,H,Watford  ,RW,12',Penalty,
ronaldo,Premier League,26,2/3/2007,A,Spurs  ,RW,45',Penalty,
ronaldo,Premier League,28,2/24/2007,A,Fulham  ,,88',Solo run,
ronaldo,FA Cup,Sixth Round,3/10/2007,A,Middlesbrough,,68',Penalty,
ronaldo,FA Cup,6th round,3/19/2007,H,Middlesbrough,,76',Penalty,
ronaldo,Champions League,Quarter-Finals,4/10/2007,H,AS Roma,RW,44',Right-footed shot,Ryan Giggs
ronaldo,,,,,,,49',Right-footed shot,Ryan Giggs
ronaldo,FA Cup,Semi-Finals,4/14/2007,A,Watford,,28',Right-footed shot,Wayne Rooney
ronaldo,Champions League,Semi-Finals,4/24/2007,H,AC Milan,RW,5',Header,Ryan Giggs
ronaldo,Premier League,37,5/5/2007,A,Man City  ,RW,34',Penalty,
ronaldo,Champions League,Group Stage,9/19/2007,A,Sporting CP,RW,62',Header,Wes Brown
ronaldo,Premier League,8,9/29/2007,A,Birmingham  ,RW,51',,
ronaldo,Premier League,9,10/6/2007,H,Wigan  ,RW,59',Header,Ryan Giggs
ronaldo,,,,,,,76',Right-footed shot,Wayne Rooney
ronaldo,Champions League,Group Stage,10/23/2007,A,Dynamo Kyiv,RW,41',Penalty,
ronaldo,,,,,,,68',Header,Ryan Giggs
ronaldo,Premier League,12,11/3/2007,A,Arsenal  ,RW,82',,Patrice Evra
ronaldo,Champions League,Group Stage,11/7/2007,H,Dynamo Kyiv,RW,88',Right-footed shot,Patrice Evra
ronaldo,Premier League,13,11/11/2007,H,Blackburn  ,RW,34',Header,Ryan Giggs
ronaldo,,,,,,,35',Right-footed shot,Carlos Tevez
ronaldo,Champions League,Group Stage,11/27/2007,H,Sporting CP,RW,90'+3,Direct free kick,
ronaldo,Premier League,15,12/3/2007,H,Fulham  ,,10',Right-footed shot,Nemanja Vidic?
ronaldo,,,,,,,58',Header,John O'Shea
ronaldo,Premier League,16,12/8/2007,H,Derby  ,,90',Penalty,
ronaldo,Premier League,18,12/23/2007,H,Everton  ,RW,22',Left-footed shot,Carlos Tevez
ronaldo,,,,,,,87',Penalty,
ronaldo,Premier League,19,12/26/2007,A,Sunderland  ,,45',Direct free kick,
ronaldo,Premier League,20,12/29/2007,A,West Ham  ,,14',Header,Ryan Giggs
ronaldo,FA Cup,Third Round,1/5/2008,A,Aston Villa,,81',Left-footed shot,Ryan Giggs
ronaldo,Premier League,22,1/12/2008,H,Newcastle  ,RW,48',Direct free kick,
ronaldo,,,,,,,70',Right-footed shot,Carlos Tevez
ronaldo,,,,,,,88',Left-footed shot,
ronaldo,Premier League,23,1/19/2008,A,Reading  ,RW,90'+2,Right-footed shot,
ronaldo,FA Cup,Fourth Round,1/27/2008,H,Spurs,RW,69',Penalty,
ronaldo,,,,,,,88',Right-footed shot,Ryan Giggs
ronaldo,Premier League,24,1/30/2008,H,Portsmouth  ,RW,10',Right-footed shot,Nani
ronaldo,,,,,,,12',Direct free kick,
ronaldo,Premier League,27,2/23/2008,A,Newcastle  ,RW,45',Right-footed shot,Michael Carrick
ronaldo,,,,,,,56',Right-footed shot,
ronaldo,Champions League,last 16,3/4/2008,H,Olympique Lyon,RW,41',Left-footed shot,
ronaldo,Premier League,29,3/15/2008,A,Derby  ,,76',Right-footed shot,Wayne Rooney
ronaldo,Premier League,30,3/19/2008,H,Bolton  ,,8',Right-footed shot,
ronaldo,,,,,,,19',Direct free kick,
ronaldo,Premier League,31,3/23/2008,H,Liverpool  ,RW,79',Header,Nani
ronaldo,Premier League,32,3/29/2008,H,Aston Villa  ,RW,16',Right-footed shot,
ronaldo,Champions League,Quarter-Finals,4/1/2008,A,AS Roma,RW,39',Header,Paul Scholes
ronaldo,Premier League,33,4/6/2008,A,Middlesbrough  ,RW,9',Left-footed shot,Michael Carrick
ronaldo,Premier League,34,4/13/2008,H,Arsenal  ,RW,53',Penalty,
ronaldo,Premier League,37,5/3/2008,H,West Ham  ,,3',Right-footed shot,Edwin van der Sar
ronaldo,,,,,,,24',Right-footed shot,Owen Hargreaves
ronaldo,Premier League,38,5/11/2008,A,Wigan  ,,32',Penalty,
ronaldo,Champions League,Final,5/21/2008,H,Chelsea,LW,26',Header,Wes Brown
ronaldo,EFL Cup,Third Round,9/23/2008,H,Middlesbrough,,25',Header,Ryan Giggs
ronaldo,Premier League,6,9/27/2008,H,Bolton  ,RW,59',Penalty,
ronaldo,Premier League,8,10/18/2008,H,West Brom  ,RW,69',Left-footed shot,Wayne Rooney
ronaldo,Premier League,10,10/29/2008,H,West Ham  ,RW,14',Left-footed shot,Nani
ronaldo,,,,,,,30',Right-footed shot,Dimitar Berbatov
ronaldo,Premier League,11,11/1/2008,H,Hull City  ,RW,3',Left-footed shot,Dimitar Berbatov
ronaldo,,,,,,,43',Header,Nani
ronaldo,Premier League,13,11/15/2008,H,Stoke City  ,RW,3',Direct free kick,
ronaldo,,,,,,,88',Direct free kick,
ronaldo,Club World Cup,Semi-Finals,12/18/2008,A,Gamba Osaka,LW,45'+1,Header,Ryan Giggs
ronaldo,EFL Cup,Semi-Finals,1/20/2009,H,Derby,,89',Penalty,
ronaldo,Premier League,23,1/27/2009,A,West Brom  ,LW,65',Right-footed shot,Ryan Giggs
ronaldo,,,,,,,73',Right-footed shot,Dimitar Berbatov
ronaldo,Premier League,24,1/31/2009,H,Everton  ,LW,43',Penalty,
ronaldo,FA Cup,Fifth Round,2/15/2009,A,Derby,CF,68',Header,Ryan Giggs
ronaldo,Premier League,26,2/21/2009,H,Blackburn  ,,60',Direct free kick,
ronaldo,Champions League,last 16,3/11/2009,H,Inter,RW,49',Header,Wayne Rooney
ronaldo,Premier League,29,3/14/2009,H,Liverpool  ,RW,22',Penalty,
ronaldo,Premier League,31,4/5/2009,H,Aston Villa  ,RW,11',Direct free kick,
ronaldo,,,,,,,80',Right-footed shot,Michael Carrick
ronaldo,Champions League,Quarter-Finals,4/15/2009,A,FC Porto,RW,6',Long distance kick,Anderson
ronaldo,Premier League,34,4/25/2009,H,Spurs  ,RW,57',Penalty,
ronaldo,,,,,,,68',Header,Wayne Rooney
ronaldo,Champions League,Semi-Finals,5/5/2009,A,Arsenal,CF,11',Direct free kick,
ronaldo,,,,,,,61',Right-footed shot,Wayne Rooney
ronaldo,Premier League,36,5/10/2009,H,Man City  ,RW,17',Direct free kick,
ronaldo,LaLiga,1,8/29/2009,H,Dep. La Coruña  ,RW,34',Penalty,
ronaldo,LaLiga,2,9/12/2009,A,Espanyol  ,,90',Right-footed shot,Guti
ronaldo,Champions League,Group Stage,9/15/2009,A,FC Zürich,LW,27',Direct free kick,
ronaldo,,,,,,,89',Direct free kick,
ronaldo,LaLiga,3,9/20/2009,H,Xerez CD  ,RW,1',Right-footed shot,
ronaldo,,,,,,,75',Header,Esteban Granero
ronaldo,LaLiga,4,9/23/2009,A,Villarreal  ,CF,2',Right-footed shot,
ronaldo,Champions League,Group Stage,9/30/2009,H,Marseille,LW,58',Left-footed shot,Pepe
ronaldo,,,,,,,64',Right-footed shot,Karim Benzema
ronaldo,LaLiga,13,12/5/2009,H,UD Almería  ,CF,84',Right-footed shot,Gonzalo Higuaín
ronaldo,Champions League,Group Stage,12/8/2009,A,Marseille,CF,5',Direct free kick,
ronaldo,,,,,,,80',Right-footed shot,Lassana Diarra
ronaldo,LaLiga,15,12/19/2009,H,Real Zaragoza  ,CF,50',Left-footed shot,Ezequiel Garay
ronaldo,LaLiga,19,1/24/2010,H,Málaga CF  ,RW,35',Right-footed shot,Kaká
ronaldo,,,,,,,39',Right-footed shot,Guti
ronaldo,LaLiga,22,2/13/2010,A,Xerez CD  ,,69',Header,Kaká
ronaldo,,,,,,,71',Left-footed shot,Kaká
ronaldo,LaLiga,23,2/21/2010,H,Villarreal  ,,18',Direct free kick,
ronaldo,LaLiga,24,2/27/2010,A,CD Tenerife  ,,78',Penalty,
ronaldo,LaLiga,25,3/6/2010,H,Sevilla FC  ,CF,59',Left-footed shot,
ronaldo,Champions League,last 16,3/10/2010,H,Olympique Lyon,LW,6',Left-footed shot,Guti
ronaldo,LaLiga,26,3/14/2010,A,Real Valladolid  ,CF,29',Direct free kick,
ronaldo,LaLiga,28,3/25/2010,A,Getafe  ,,13',Direct free kick,
ronaldo,,,,,,,36',Right-footed shot,
ronaldo,LaLiga,30,4/4/2010,A,Racing  ,,23',Penalty,
ronaldo,LaLiga,32,4/15/2010,A,UD Almería  ,,26',Left-footed shot,
ronaldo,LaLiga,33,4/18/2010,H,Valencia  ,CF,77',Right-footed shot,Marcelo
ronaldo,LaLiga,35,5/2/2010,H,CA Osasuna  ,,25',Right-footed shot,
ronaldo,,,,,,,89',Header,Gonzalo Higuaín
ronaldo,LaLiga,36,5/5/2010,A,RCD Mallorca  ,,26',Right-footed shot,Sergio Ramos
ronaldo,,,,,,,56',Right-footed shot,Sergio Ramos
ronaldo,,,,,,,71',Right-footed shot,
ronaldo,LaLiga,37,5/8/2010,H,Athletic  ,CF,21',Penalty,
ronaldo,LaLiga,4,9/21/2010,H,Espanyol  ,LW,28',Penalty,
ronaldo,LaLiga,6,10/3/2010,H,Dep. La Coruña  ,LW,4',Header,Mesut Özil
ronaldo,,,,,,,89',Left-footed shot,Xabi Alonso
ronaldo,LaLiga,7,10/16/2010,A,Málaga CF  ,LW,45',Right-footed shot,Mesut Özil
ronaldo,,,,,,,50',Penalty,
ronaldo,Champions League,Group Stage,10/19/2010,H,AC Milan,LW,13',Direct free kick,
ronaldo,LaLiga,8,10/23/2010,H,Racing  ,LW,15',Right-footed shot,Gonzalo Higuaín
ronaldo,,,,,,,26',Left-footed shot,Mesut Özil
ronaldo,,,,,,,47',Right-footed shot,Ángel Di María
ronaldo,,,,,,,55',Penalty,
ronaldo,LaLiga,9,10/30/2010,A,Hércules CF  ,LW,82',Right-footed shot,Karim Benzema
ronaldo,,,,,,,86',Right-footed shot,Karim Benzema
ronaldo,Copa del Rey,4th round,11/10/2010,H,Real Murcia,,76',Left-footed shot,Ángel Di María
ronaldo,LaLiga,12,11/20/2010,H,Athletic  ,LW,30',Left-footed shot,Mesut Özil
ronaldo,,,,,,,62',Direct free kick,
ronaldo,,,,,,,90'+1,Penalty,
ronaldo,Champions League,Group Stage,11/23/2010,A,Ajax,LW,70',Left-footed shot,Ángel Di María
ronaldo,,,,,,,81',Penalty,
ronaldo,LaLiga,14,12/4/2010,H,Valencia  ,LW,72',Left-footed shot,Mesut Özil
ronaldo,,,,,,,86',Right-footed shot,
ronaldo,Champions League,Group Stage,12/8/2010,H,AJ Auxerre,LW,49',Right-footed shot,Marcelo
ronaldo,LaLiga,15,12/12/2010,A,Real Zaragoza  ,LW,43',Direct free kick,
ronaldo,Copa del Rey,last 16,12/22/2010,H,Levante,LW,44',Right-footed shot,Karim Benzema
ronaldo,,,,,,,71',Right-footed shot,Ángel Di María
ronaldo,,,,,,,73',Right-footed shot,Karim Benzema
ronaldo,LaLiga,17,1/3/2011,A,Getafe  ,LW,11',Penalty,
ronaldo,,,,,,,57',Right-footed shot,Karim Benzema
ronaldo,LaLiga,18,1/9/2011,H,Villarreal  ,LW,10',Right-footed shot,Mesut Özil
ronaldo,,,,,,,45',Header,Xabi Alonso
ronaldo,,,,,,,79',Left-footed shot,Kaká
ronaldo,Copa del Rey,Quarter-Finals,1/13/2011,H,Atlético Madrid,LW,60',Right-footed shot,Mesut Özil
ronaldo,Copa del Rey,Quarter-Finals,1/20/2011,A,Atlético Madrid,CF,22',Right-footed shot,Sergio Ramos
ronaldo,LaLiga,22,2/6/2011,H,Real Sociedad  ,LW,20',Left-footed shot,Kaká
ronaldo,,,,,,,42',Header,Mesut Özil
ronaldo,LaLiga,26,3/3/2011,H,Málaga CF  ,LW,50',Left-footed shot,Mesut Özil
ronaldo,,,,,,,67',Penalty,
ronaldo,,,,,,,76',Right-footed shot,Sergio Canales
ronaldo,Champions League,Quarter-Finals,4/5/2011,H,Spurs,LW,87',Right-footed shot,Kaká
ronaldo,LaLiga,31,4/9/2011,A,Athletic  ,,70',Right-footed shot,Esteban Granero
ronaldo,Champions League,Quarter-Finals,4/13/2011,A,Spurs,RW,50',Right-footed shot,Sami Khedira
ronaldo,LaLiga,32,4/16/2011,H,FC Barcelona  ,LW,82',Penalty,
ronaldo,Copa del Rey,Final,4/20/2011,A,FC Barcelona,CF,103',Header,Ángel Di María
ronaldo,LaLiga,35,5/7/2011,A,Sevilla FC  ,LW,30',Right-footed shot,Pepe
ronaldo,,,,,,,64',Right-footed shot,
ronaldo,,,,,,,70',Right-footed shot,Mesut Özil
ronaldo,,,,,,,76',Right-footed shot,Karim Benzema
ronaldo,LaLiga,36,5/10/2011,H,Getafe  ,LW,23',Header,Mesut Özil
ronaldo,,,,,,,57',Left-footed shot,Mesut Özil
ronaldo,,,,,,,90'+1,Penalty,
ronaldo,LaLiga,37,5/15/2011,A,Villarreal  ,CF,22',Direct free kick,
ronaldo,,,,,,,90',Direct free kick,
ronaldo,LaLiga,38,5/21/2011,H,UD Almería  ,LW,4',Right-footed shot,Sergio Ramos
ronaldo,,,,,,,76',Right-footed shot,Sergio Ramos
ronaldo,Supercopa,final,8/17/2011,A,FC Barcelona,LW,20',Right-footed shot,Karim Benzema
ronaldo,LaLiga,2,8/28/2011,A,Real Zaragoza  ,LW,23',Left-footed shot,Mesut Özil
ronaldo,,,,,,,70',Right-footed shot,Ángel Di María
ronaldo,,,,,,,86',Right-footed shot,Kaká
ronaldo,LaLiga,3,9/10/2011,H,Getafe  ,LW,59',Penalty,
ronaldo,LaLiga,6,9/24/2011,H,Rayo Vallecano  ,LW,39',Left-footed shot,Kaká
ronaldo,,,,,,,51',Penalty,
ronaldo,,,,,,,84',Penalty,
ronaldo,Champions League,Group Stage,9/27/2011,H,Ajax,LW,25',Right-footed shot,Karim Benzema
ronaldo,LaLiga,9,10/22/2011,A,Málaga CF  ,LW,24',Left-footed shot,Ángel Di María
ronaldo,,,,,,,28',Right-footed shot,Xabi Alonso
ronaldo,,,,,,,38',Right-footed shot,Sergio Ramos
ronaldo,Champions League,Group Stage,11/2/2011,A,Olympique Lyon,LW,25',Direct free kick,
ronaldo,,,,,,,69',Penalty,
ronaldo,LaLiga,12,11/6/2011,H,CA Osasuna  ,LW,23',Header,Ángel Di María
ronaldo,,,,,,,55',Penalty,
ronaldo,,,,,,,58',Header,Álvaro Arbeloa
ronaldo,LaLiga,13,11/19/2011,A,Valencia  ,LW,79',Right-footed shot,Pepe
ronaldo,LaLiga,14,11/26/2011,H,Atlético Madrid  ,LW,24',Penalty,
ronaldo,,,,,,,82',Penalty,
ronaldo,LaLiga,15,12/3/2011,A,Sporting Gijón  ,LW,65',Right-footed shot,Ángel Di María
ronaldo,Copa del Rey,4th round,12/13/2011,A,Ponferradina,LW,74',Left-footed shot,Gonzalo Higuaín
ronaldo,LaLiga,17,12/17/2011,A,Sevilla FC  ,LW,10',Right-footed shot,Ángel Di María
ronaldo,,,,,,,41',Right-footed shot,Karim Benzema
ronaldo,,,,,,,86',Penalty,
ronaldo,LaLiga,18,1/7/2012,H,Granada CF  ,LW,89',Right-footed shot,
ronaldo,Copa del Rey,Quarter-Finals,1/18/2012,H,FC Barcelona,LW,11',Left-footed shot,Karim Benzema
ronaldo,LaLiga,1,1/22/2012,H,Athletic  ,LW,46',Penalty,
ronaldo,,,,,,,67',Penalty,
ronaldo,Copa del Rey,Quarter-Finals,1/25/2012,A,FC Barcelona,LW,68',Right-footed shot,Mesut Özil
ronaldo,LaLiga,21,1/28/2012,H,Real Zaragoza  ,LW,48',Right-footed shot,Mesut Özil
ronaldo,LaLiga,23,2/12/2012,H,Levante  ,LW,45',Penalty,
ronaldo,,,,,,,50',Header,Gonzalo Higuaín
ronaldo,,,,,,,57',Right-footed shot,Fábio Coentrão
ronaldo,LaLiga,24,2/18/2012,H,Racing  ,LW,6',Header,Kaká
ronaldo,Champions League,last 16,2/21/2012,A,CSKA Moscow,LW,28',Left-footed shot,Fábio Coentrão
ronaldo,LaLiga,25,2/26/2012,A,Rayo Vallecano  ,LW,53',Right-footed shot,
ronaldo,LaLiga,26,3/4/2012,H,Espanyol  ,LW,23',Left-footed shot,Gonzalo Higuaín
ronaldo,LaLiga,27,3/10/2012,A,Real Betis  ,LW,52',Left-footed shot,Marcelo
ronaldo,,,,,,,73',Left-footed shot,
ronaldo,Champions League,last 16,3/14/2012,H,CSKA Moscow,LW,55',Right-footed shot,Sergio Ramos
ronaldo,,,,,,,90'+4,Right-footed shot,Karim Benzema
ronaldo,LaLiga,29,3/21/2012,A,Villarreal  ,LW,61',Right-footed shot,Mesut Özil
ronaldo,LaLiga,30,3/24/2012,H,Real Sociedad  ,LW,32',Right-footed shot,Kaká
ronaldo,,,,,,,55',Right-footed shot,Gonzalo Higuaín
ronaldo,LaLiga,31,3/31/2012,A,CA Osasuna  ,LW,37',Long distance kick,Xabi Alonso
ronaldo,,,,,,,70',Direct free kick,
ronaldo,Champions League,Quarter-Finals,4/4/2012,H,APOEL Nicosia,LW,26',Right-footed shot,Marcelo
ronaldo,,,,,,,75',Direct free kick,
ronaldo,LaLiga,33,4/11/2012,A,Atlético Madrid  ,LW,24',Direct free kick,
ronaldo,,,,,,,67',Long distance kick,
ronaldo,,,,,,,82',Penalty,
ronaldo,LaLiga,34,4/14/2012,H,Sporting Gijón  ,LW,74',Header,Ángel Di María
ronaldo,LaLiga,35,4/21/2012,A,FC Barcelona  ,LW,73',Right-footed shot,Mesut Özil
ronaldo,Champions League,Semi-Finals,4/25/2012,H,Bayern Munich ,LW,6',Penalty,
ronaldo,,,,,,,14',Right-footed shot,Mesut Özil
ronaldo,LaLiga,36,4/29/2012,H,Sevilla FC  ,LW,19',Right-footed shot,Karim Benzema
ronaldo,LaLiga,20,5/2/2012,A,Athletic  ,LW,49',Header,Xabi Alonso
ronaldo,LaLiga,37,5/5/2012,A,Granada CF  ,LW,81',Penalty,
ronaldo,LaLiga,38,5/13/2012,H,RCD Mallorca  ,LW,18',Header,Marcelo
ronaldo,Supercopa,final,8/23/2012,A,FC Barcelona,LW,55',Header,Mesut Özil
ronaldo,Supercopa,final,8/29/2012,H,FC Barcelona,LW,19',Right-footed shot,Sami Khedira
ronaldo,LaLiga,3,9/2/2012,H,Granada CF  ,LW,25',Right-footed shot,José Callejón
ronaldo,,,,,,,53',Left-footed shot,
ronaldo,Champions League,Group Stage,9/18/2012,H,Man City,LW,90',Right-footed shot,Marcelo
ronaldo,LaLiga,5,9/24/2012,A,Rayo Vallecano  ,LW,69',Penalty,
ronaldo,LaLiga,6,9/30/2012,H,Dep. La Coruña  ,LW,23',Penalty,
ronaldo,,,,,,,44',Header,Sergio Ramos
ronaldo,,,,,,,84',Penalty,
ronaldo,Champions League,Group Stage,10/3/2012,A,Ajax,LW,42',Right-footed shot,Karim Benzema
ronaldo,,,,,,,79',Right-footed shot,Karim Benzema
ronaldo,,,,,,,81',Left-footed shot,Sami Khedira
ronaldo,LaLiga,7,10/7/2012,A,FC Barcelona  ,LW,22',Left-footed shot,Karim Benzema
ronaldo,,,,,,,66',Right-footed shot,Mesut Özil
ronaldo,LaLiga,8,10/20/2012,H,Celta de Vigo  ,LW,67',Penalty,
ronaldo,Champions League,Group Stage,10/24/2012,A,Bor. Dortmund,LW,38',Right-footed shot,Mesut Özil
ronaldo,LaLiga,9,10/28/2012,A,RCD Mallorca  ,LW,22',Right-footed shot,Gonzalo Higuaín
ronaldo,,,,,,,73',Right-footed shot,Gonzalo Higuaín
ronaldo,LaLiga,11,11/11/2012,A,Levante  ,CF,20',Right-footed shot,
ronaldo,LaLiga,14,12/1/2012,H,Atlético Madrid  ,LW,16',Direct free kick,
ronaldo,Champions League,Group Stage,12/4/2012,H,Ajax,LW,13',Right-footed shot,Karim Benzema
ronaldo,Copa del Rey,last 16,12/12/2012,A,Celta de Vigo,LW,87',Left-footed shot,Xabi Alonso
ronaldo,LaLiga,16,12/16/2012,H,Espanyol  ,CF,45',Right-footed shot,Sami Khedira
ronaldo,LaLiga,18,1/6/2013,H,Real Sociedad  ,LW ,67',Left-footed shot,Karim Benzema
ronaldo,,,,,,,70',Direct free kick,
ronaldo,Copa del Rey,last 16,1/9/2013,H,Celta de Vigo,LW,2',Right-footed shot,Álvaro Arbeloa
ronaldo,,,,,,,24',Left-footed shot,Luka Modric
ronaldo,,,,,,,87',Left-footed shot,Gonzalo Higuaín
ronaldo,LaLiga,20,1/20/2013,A,Valencia  ,LW,35',Left-footed shot,Fábio Coentrão
ronaldo,,,,,,,41',Right-footed shot,Mesut Özil
ronaldo,LaLiga,21,1/27/2013,H,Getafe  ,LW,62',Left-footed shot,Mesut Özil
ronaldo,,,,,,,65',Header,Ángel Di María
ronaldo,,,,,,,72',Penalty,
ronaldo,LaLiga,23,2/9/2013,H,Sevilla FC  ,LW,26',Left-footed shot,Kaká
ronaldo,,,,,,,46',Left-footed shot,Álvaro Arbeloa
ronaldo,,,,,,,59',Right-footed shot,Gonzalo Higuaín
ronaldo,Champions League,last 16,2/13/2013,H,Man Utd,LW,30',Header,Ángel Di María
ronaldo,Copa del Rey,Semi-Finals,2/26/2013,A,FC Barcelona,LW,12',Penalty,
ronaldo,,,,,,,57',Left-footed shot,
ronaldo,Champions League,last 16,3/5/2013,A,Man Utd,LW,69',Right-footed shot,Gonzalo Higuaín
ronaldo,LaLiga,27,3/10/2013,A,Celta de Vigo  ,LW,61',Left-footed shot,José Callejón
ronaldo,,,,,,,71',Penalty,
ronaldo,LaLiga,28,3/16/2013,H,RCD Mallorca  ,LW,52',Header,Mesut Özil
ronaldo,LaLiga,29,3/30/2013,A,Real Zaragoza  ,LW,38',Long distance kick,
ronaldo,Champions League,Quarter-Finals,4/3/2013,H,Galatasaray,LW,9',Left-footed shot,Mesut Özil
ronaldo,LaLiga,30,4/6/2013,H,Levante  ,CF,84',Right-footed shot,Gonzalo Higuaín
ronaldo,Champions League,Quarter-Finals,4/9/2013,A,Galatasaray,LW,8',Right-footed shot,Sami Khedira
ronaldo,,,,,,,90'+2,Right-footed shot,Karim Benzema
ronaldo,LaLiga,31,4/14/2013,A,Athletic  ,LW,2',Direct free kick,
ronaldo,,,,,,,68',Header,Xabi Alonso
ronaldo,Champions League,Semi-Finals,4/24/2013,A,Bor. Dortmund,LW,43',Right-footed shot,Gonzalo Higuaín
ronaldo,LaLiga,34,5/4/2013,H,Real Valladolid  ,LW,32',Header,Ángel Di María
ronaldo,,,,,,,70',Header,Mesut Özil
ronaldo,LaLiga,36,5/8/2013,H,Málaga CF  ,LW ,26',Right-footed shot,Xabi Alonso
ronaldo,Copa del Rey,Final,5/17/2013,A,Atlético Madrid,LW,14',Header,Luka Modric
ronaldo,LaLiga,3,9/1/2013,H,Athletic  ,LW,45',Header,Ángel Di María
ronaldo,LaLiga,4,9/14/2013,A,Villarreal  ,LW,64',Right-footed shot,
ronaldo,Champions League,Group Stage,9/17/2013,A,Galatasaray,LW,63',Left-footed shot,Isco
ronaldo,,,,,,,66',Tap-in,Sergio Ramos
ronaldo,,,,,,,90',Left-footed shot,Karim Benzema
ronaldo,LaLiga,5,9/22/2013,H,Getafe  ,LW,34',Penalty,
ronaldo,,,,,,,90',Right-footed shot,Sami Khedira
ronaldo,LaLiga,6,9/25/2013,A,Elche CF  ,LW,51',Direct free kick,
ronaldo,,,,,,,90'+6,Penalty,
ronaldo,Champions League,Group Stage,10/2/2013,H,FC Copenhagen,LW,21',Header,Marcelo
ronaldo,,,,,,,65',Header,Ángel Di María
ronaldo,LaLiga,8,10/5/2013,A,Levante  ,LW,90'+4,Right-footed shot,Luka Modric
ronaldo,LaLiga,9,10/19/2013,H,Málaga CF  ,LW,90'+1,Penalty,
ronaldo,Champions League,Group Stage,10/23/2013,H,Juventus,LW,4',Right-footed shot,Ángel Di María
ronaldo,,,,,,,29',Penalty,
ronaldo,LaLiga,11,10/30/2013,H,Sevilla FC  ,LW,31',Penalty,
ronaldo,,,,,,,60',Right-footed shot,Gareth Bale
ronaldo,,,,,,,71',Right-footed shot,Karim Benzema
ronaldo,LaLiga,12,11/2/2013,A,Rayo Vallecano  ,LW,3',Right-footed shot,Luka Modric
ronaldo,,,,,,,48',Right-footed shot,Gareth Bale
ronaldo,Champions League,Group Stage,11/5/2013,A,Juventus,LW,52',Right-footed shot,Karim Benzema
ronaldo,LaLiga,13,11/9/2013,H,Real Sociedad  ,LW,12',Right-footed shot,Karim Benzema
ronaldo,,,,,,,27',Penalty,
ronaldo,,,,,,,76',Direct free kick,
ronaldo,LaLiga,14,11/23/2013,A,UD Almería  ,LW,3',Left-footed shot,Isco
ronaldo,Champions League,Group Stage,12/10/2013,A,FC Copenhagen,LW,48',Right-footed shot,Pepe
ronaldo,LaLiga,17,12/22/2013,A,Valencia  ,LW,40',Header,Ángel Di María
ronaldo,LaLiga,18,1/6/2014,H,Celta de Vigo  ,LW,82',Right-footed shot,Daniel Carvajal
ronaldo,,,,,,,90',Right-footed shot,Gareth Bale
ronaldo,Copa del Rey,last 16,1/15/2014,A,CA Osasuna,LW,22',Direct free kick,
ronaldo,LaLiga,20,1/18/2014,A,Real Betis  ,LW,10',Right-footed shot,Ángel Di María
ronaldo,LaLiga,21,1/25/2014,H,Granada CF  ,LW,57',Right-footed shot,Luka Modric
ronaldo,Copa del Rey,Semi-Finals,2/11/2014,A,Atlético Madrid,LW,6',Penalty,
ronaldo,,,,,,,15',Penalty,
ronaldo,Champions League,last 16,2/26/2014,A,FC Schalke 04,LW,52',Left-footed shot,Gareth Bale
ronaldo,,,,,,,89',Right-footed shot,Karim Benzema
ronaldo,LaLiga,26,3/2/2014,A,Atlético Madrid  ,LW,82',Right-footed shot,Gareth Bale
ronaldo,LaLiga,27,3/9/2014,H,Levante  ,LW,11',Header,Ángel Di María
ronaldo,LaLiga,28,3/15/2014,A,Málaga CF  ,LW,23',Right-footed shot,Gareth Bale
ronaldo,Champions League,last 16,3/18/2014,H,FC Schalke 04,LW,22',Right-footed shot,Gareth Bale
ronaldo,,,,,,,74',Right-footed shot,
ronaldo,LaLiga,29,3/23/2014,H,FC Barcelona  ,LW,55',Penalty,
ronaldo,LaLiga,30,3/26/2014,A,Sevilla FC  ,LW,14',Direct free kick,
ronaldo,LaLiga,31,3/29/2014,H,Rayo Vallecano  ,LW,15',Right-footed shot,Gareth Bale
ronaldo,Champions League,Quarter-Finals,4/2/2014,H,Bor. Dortmund,LW,57',Left-footed shot,Luka Modric
ronaldo,LaLiga,35,4/26/2014,H,CA Osasuna  ,LW,6',Long distance kick,Ángel Di María
ronaldo,,,,,,,52',Long distance kick,Isco
ronaldo,Champions League,Semi-Finals,4/29/2014,A,Bayern Munich ,LW,34',Counter attack goal,Gareth Bale
ronaldo,,,,,,,90',Direct free kick,
ronaldo,LaLiga,36,5/4/2014,H,Valencia  ,LW,90',Right-footed shot,Ángel Di María
ronaldo,Champions League,Final,5/24/2014,H,Atlético Madrid,LW,120',Penalty,
ronaldo,UEFA Super Cup,Final,8/12/2014,H,Sevilla FC,LW,30',Right-footed shot,Gareth Bale
ronaldo,,,,,,,49',Left-footed shot,Karim Benzema
ronaldo,LaLiga,1,8/25/2014,H,Córdoba CF  ,LW,90',Right-footed shot,Isco
ronaldo,LaLiga,3,9/13/2014,H,Atlético Madrid  ,LW,25',Penalty,
ronaldo,Champions League,Group Stage,9/16/2014,H,FC Basel,LW,31',Right-footed shot,Gareth Bale
ronaldo,LaLiga,4,9/20/2014,A,Dep. La Coruña  ,RW,29',Header,Álvaro Arbeloa
ronaldo,,,,,,,41',Left-footed shot,Karim Benzema
ronaldo,,,,,,,78',Left-footed shot,James Rodríguez
ronaldo,LaLiga,5,9/23/2014,H,Elche CF  ,CF,28',Penalty,
ronaldo,,,,,,,32',Header,Marcelo
ronaldo,,,,,,,80',Penalty,
ronaldo,,,,,,,90',Right-footed shot,Gareth Bale
ronaldo,LaLiga,6,9/27/2014,A,Villarreal  ,CF,40',Right-footed shot,Karim Benzema
ronaldo,Champions League,Group Stage,10/1/2014,A,Ludogorets,CF,25',Penalty,
ronaldo,LaLiga,7,10/5/2014,H,Athletic  ,LW,3',Header,Gareth Bale
ronaldo,,,,,,,55',Right-footed shot,Gareth Bale
ronaldo,,,,,,,89',Deflected shot on goal,Pepe
ronaldo,LaLiga,8,10/18/2014,A,Levante  ,CF,13',Penalty,
ronaldo,,,,,,,61',Right-footed shot,Isco
ronaldo,Champions League,Group Stage,10/22/2014,A,Liverpool,CF,23',Right-footed shot,James Rodríguez
ronaldo,LaLiga,9,10/25/2014,H,FC Barcelona  ,CF,35',Penalty,
ronaldo,LaLiga,10,11/1/2014,A,Granada CF  ,CF,2',Right-footed shot,Karim Benzema
ronaldo,LaLiga,11,11/8/2014,H,Rayo Vallecano  ,CF,83',Right-footed shot,Isco
ronaldo,LaLiga,12,11/22/2014,A,SD Eibar  ,CF,43',Right-footed shot,Daniel Carvajal
ronaldo,,,,,,,83',Penalty,
ronaldo,Champions League,Group Stage,11/26/2014,A,FC Basel,LW,35',Left-footed shot,Karim Benzema
ronaldo,LaLiga,14,12/6/2014,H,Celta de Vigo  ,CF,36',Penalty,
ronaldo,,,,,,,65',Right-footed shot,
ronaldo,,,,,,,81',Left-footed shot,Marcelo
ronaldo,Champions League,Group Stage,12/9/2014,H,Ludogorets,CF ,20',Penalty,
ronaldo,LaLiga,15,12/12/2014,A,UD Almería  ,CF,81',Right-footed shot,Karim Benzema
ronaldo,,,,,,,89',Right-footed shot,Daniel Carvajal
ronaldo,LaLiga,17,1/4/2015,A,Valencia  ,LW,14',Penalty,
ronaldo,Copa del Rey,last 16,1/15/2015,H,Atlético Madrid,CF,54',Header,Gareth Bale
ronaldo,LaLiga,19,1/18/2015,A,Getafe  ,LW,63',Left-footed shot,Karim Benzema
ronaldo,,,,,,,79',Header,James Rodríguez
ronaldo,Champions League,last 16,2/18/2015,A,FC Schalke 04,LW,26',Header,Daniel Carvajal
ronaldo,LaLiga,24,2/22/2015,A,Elche CF  ,CF,69',Header,Isco
ronaldo,LaLiga,25,3/1/2015,H,Villarreal  ,CF,52',Penalty,
ronaldo,Champions League,last 16,3/10/2015,H,FC Schalke 04,CF,25',Header,Toni Kroos
ronaldo,,,,,,,45',Header,Fábio Coentrão
ronaldo,LaLiga,28,3/22/2015,A,FC Barcelona  ,LW,31',Right-footed shot,Karim Benzema
ronaldo,LaLiga,29,4/5/2015,H,Granada CF  ,CF,30',Right-footed shot,James Rodríguez
ronaldo,,,,,,,36',Right-footed shot,
ronaldo,,,,,,,38',Long distance kick,Gareth Bale
ronaldo,,,,,,,54',Header,Gareth Bale
ronaldo,,,,,,,90',Header,Luka Modric
ronaldo,LaLiga,30,4/8/2015,A,Rayo Vallecano  ,LW,68',Header,Daniel Carvajal
ronaldo,LaLiga,31,4/11/2015,H,SD Eibar  ,LW,21',Direct free kick,
ronaldo,LaLiga,32,4/18/2015,H,Málaga CF  ,CF,90'+2,Left-footed shot,Chicharito
ronaldo,LaLiga,35,5/2/2015,A,Sevilla FC  ,CF,36',Header,Isco
ronaldo,,,,,,,37',Right-footed shot,Chicharito
ronaldo,,,,,,,69',Header,Gareth Bale
ronaldo,Champions League,Semi-Finals,5/5/2015,A,Juventus,CF,27',Header,James Rodríguez
ronaldo,Champions League,Semi-Finals,5/13/2015,H,Juventus,LW,23',Penalty,
ronaldo,LaLiga,37,5/17/2015,A,Espanyol  ,LW,59',Left-footed shot,Karim Benzema
ronaldo,,,,,,,83',Right-footed shot,Chicharito
ronaldo,,,,,,,90'+1,Header,James Rodríguez
ronaldo,LaLiga,38,5/23/2015,H,Getafe  ,LW,13',Header,Marcelo
ronaldo,,,,,,,32',Direct free kick,
ronaldo,,,,,,,34',Penalty,
ronaldo,LaLiga,3,9/12/2015,A,Espanyol  ,LW,7',Right-footed shot,Luka Modric
ronaldo,,,,,,,17',Penalty,
ronaldo,,,,,,,20',Left-footed shot,Gareth Bale
ronaldo,,,,,,,62',Right-footed shot,Gareth Bale
ronaldo,,,,,,,81',Right-footed shot,Lucas Vázquez
ronaldo,Champions League,Group Stage,9/15/2015,H,Shakhtar D.,LW,56',Penalty,
ronaldo,,,,,,,64',Penalty,
ronaldo,,,,,,,82',Header,
ronaldo,Champions League,Group Stage,9/30/2015,A,Malmö FF,LW ,29',Right-footed shot,Isco
ronaldo,,,,,,,90',Left-footed shot,Lucas Vázquez
ronaldo,LaLiga,8,10/17/2015,H,Levante  ,CF,30',Right-footed shot,Toni Kroos
ronaldo,LaLiga,9,10/24/2015,A,Celta de Vigo  ,CF,8',Right-footed shot,Lucas Vázquez
ronaldo,LaLiga,10,10/31/2015,H,UD Las Palmas  ,CF,14',Header,Marcelo
ronaldo,Champions League,Group Stage,11/25/2015,A,Shakhtar D.,CF,18',Header,Gareth Bale
ronaldo,,,,,,,70',Right-footed shot,Gareth Bale
ronaldo,LaLiga,13,11/29/2015,A,SD Eibar  ,CF,82',Penalty,
ronaldo,LaLiga,14,12/5/2015,H,Getafe  ,LW,38',Right-footed shot,Toni Kroos
ronaldo,Champions League,Group Stage,12/8/2015,H,Malmö FF,LW,39',Direct free kick,
ronaldo,,,,,,,47',Tap-in,
ronaldo,,,,,,,50',Right-footed shot,Danilo
ronaldo,,,,,,,59',Right-footed shot,Isco
ronaldo,LaLiga,16,12/20/2015,H,Rayo Vallecano  ,LW,30',Penalty,
ronaldo,,,,,,,54',Header,James Rodríguez
ronaldo,LaLiga,17,12/30/2015,H,Real Sociedad  ,LW,42',Penalty,
ronaldo,,,,,,,68',Left-footed shot,Marcelo
ronaldo,LaLiga,20,1/17/2016,H,Sporting Gijón  ,LW,9',Left-footed shot,Karim Benzema
ronaldo,,,,,,,18',Left-footed shot,Daniel Carvajal
ronaldo,LaLiga,22,1/31/2016,H,Espanyol  ,LW,12',Penalty,
ronaldo,,,,,,,45',Left-footed shot,
ronaldo,,,,,,,82',Header,Jesé
ronaldo,LaLiga,24,2/13/2016,H,Athletic  ,LW,3',Right-footed shot,Karim Benzema
ronaldo,,,,,,,87',Right-footed shot,Lucas Vázquez
ronaldo,Champions League,last 16,2/17/2016,A,AS Roma,LW,57',Right-footed shot,Marcelo
ronaldo,LaLiga,25,2/21/2016,A,Málaga CF  ,LW,33',Header,Toni Kroos
ronaldo,LaLiga,27,3/2/2016,A,Levante  ,LW,34',Penalty,
ronaldo,LaLiga,28,3/5/2016,H,Celta de Vigo  ,LW,50',Long distance kick,Sergio Ramos
ronaldo,,,,,,,58',Direct free kick,
ronaldo,,,,,,,64',Right-footed shot,Isco
ronaldo,,,,,,,76',Header,Jesé
ronaldo,Champions League,last 16,3/8/2016,H,AS Roma,CF,64',Right-footed shot,Lucas Vázquez
ronaldo,LaLiga,30,3/20/2016,H,Sevilla FC  ,LW,64',Left-footed shot,Danilo
ronaldo,LaLiga,31,4/2/2016,A,FC Barcelona  ,LW,85',Right-footed shot,Gareth Bale
ronaldo,LaLiga,32,4/9/2016,H,SD Eibar  ,CF,19',Right-footed shot,Jesé
ronaldo,Champions League,Quarter-Finals,4/12/2016,H,VfL Wolfsburg,LW,16',Right-footed shot,Daniel Carvajal
ronaldo,,,,,,,17',Header,Toni Kroos
ronaldo,,,,,,,77',Direct free kick,
ronaldo,LaLiga,33,4/16/2016,A,Getafe  ,LW,90'+2,Right-footed shot,Jesé
ronaldo,LaLiga,37,5/8/2016,H,Valencia  ,LW,26',Right-footed shot,Marcelo
ronaldo,,,,,,,59',Left-footed shot,James Rodríguez
ronaldo,LaLiga,38,5/14/2016,A,Dep. La Coruña  ,LW,8',Left-footed shot,Karim Benzema
ronaldo,,,,,,,25',Header,Toni Kroos
ronaldo,LaLiga,3,9/10/2016,H,CA Osasuna  ,LW,6',Right-footed shot,Gareth Bale
ronaldo,Champions League,Group Stage,9/14/2016,H,Sporting CP,LW,89',Direct free kick,
ronaldo,Champions League,Group Stage,9/27/2016,A,Bor. Dortmund,LW,17',Right-footed shot,Gareth Bale
ronaldo,LaLiga,8,10/15/2016,A,Real Betis  ,LW,78',Right-footed shot,Álvaro Morata
ronaldo,LaLiga,10,10/29/2016,A,Alavés  ,LW,17',Penalty,
ronaldo,,,,,,,33',Right-footed shot,Karim Benzema
ronaldo,,,,,,,88',Right-footed shot,Marcelo
ronaldo,LaLiga,12,11/19/2016,A,Atlético Madrid  ,CF,23',Direct free kick,
ronaldo,,,,,,,71',Penalty,
ronaldo,,,,,,,77',Right-footed shot,Gareth Bale
ronaldo,LaLiga,13,11/26/2016,H,Sporting Gijón  ,LW,5',Penalty,
ronaldo,,,,,,,18',Header,Nacho Fernández
ronaldo,Club World Cup,Semi-Finals,12/15/2016,A,América,LW,90'+3,Right-footed shot,James Rodríguez
ronaldo,Club World Cup,Final,12/18/2016,H,Kashima Antlers,LW,60',Penalty,
ronaldo,,,,,,,97',Left-footed shot,Karim Benzema
ronaldo,,,,,,,104',Left-footed shot,Toni Kroos
ronaldo,LaLiga,17,1/7/2017,H,Granada CF  ,LW,27',Header,Marcelo
ronaldo,LaLiga,18,1/15/2017,A,Sevilla FC  ,CF,67',Penalty,
ronaldo,Copa del Rey,Quarter-Finals,1/25/2017,A,Celta de Vigo,CF,62',Direct free kick,
ronaldo,LaLiga,20,1/29/2017,H,Real Sociedad  ,LW,51',Right-footed shot,Mateo Kovacic
ronaldo,LaLiga,22,2/11/2017,A,CA Osasuna  ,CF,24',Right-footed shot,Karim Benzema
ronaldo,LaLiga,16,2/22/2017,A,Valencia  ,LW,44',Header,Marcelo
ronaldo,LaLiga,24,2/26/2017,A,Villarreal  ,LW,74',Penalty,
ronaldo,LaLiga,25,3/1/2017,H,UD Las Palmas  ,LW,86',Penalty,
ronaldo,,,,,,,89',Header,James Rodríguez
ronaldo,LaLiga,27,3/12/2017,H,Real Betis  ,LW,41',Header,Marcelo
ronaldo,Champions League,Quarter-Finals,4/12/2017,A,Bayern Munich ,LW,47',Right-footed shot,Daniel Carvajal
ronaldo,,,,,,,77',Right-footed shot,Marco Asensio
ronaldo,Champions League,Quarter-Finals,4/18/2017,H,Bayern Munich ,CF,76',Header,Casemiro
ronaldo,,,,,,,105',Left-footed shot,Sergio Ramos
ronaldo,,,,,,,109',Right-footed shot,Marcelo
ronaldo,LaLiga,35,4/29/2017,H,Valencia  ,LW,27',Header,Daniel Carvajal
ronaldo,Champions League,Semi-Finals,5/2/2017,H,Atlético Madrid,CF,10',Header,Casemiro
ronaldo,,,,,,,73',Right-footed shot,Karim Benzema
ronaldo,,,,,,,86',Right-footed shot,Lucas Vázquez
ronaldo,LaLiga,37,5/14/2017,H,Sevilla FC  ,LW,23',Right-footed shot,
ronaldo,,,,,,,78',Left-footed shot,Toni Kroos
ronaldo,LaLiga,21,5/17/2017,A,Celta de Vigo  ,CF,10',Left-footed shot,
ronaldo,,,,,,,48',Left-footed shot,Isco
ronaldo,LaLiga,38,5/21/2017,A,Málaga CF  ,CF,2',Right-footed shot,Isco
ronaldo,Champions League,Final,6/3/2017,A,Juventus,CF,20',Right-footed shot,Daniel Carvajal
ronaldo,,,,,,,64',Right-footed shot,Luka Modric
ronaldo,Supercopa,final,8/13/2017,A,FC Barcelona,CF,80',Right-footed shot,Isco
ronaldo,Champions League,Group Stage,9/13/2017,H,APOEL Nicosia,CF,12',Counter attack goal,Gareth Bale
ronaldo,,,,,,,51',Penalty,
ronaldo,Champions League,Group Stage,9/26/2017,A,Bor. Dortmund,CF,49',Left-footed shot,Gareth Bale
ronaldo,,,,,,,79',Right-footed shot,Luka Modric
ronaldo,LaLiga,8,10/14/2017,A,Getafe  ,CF,85',Right-footed shot,Isco
ronaldo,Champions League,Group Stage,10/17/2017,H,Spurs,LW,43',Penalty,
ronaldo,Champions League,Group Stage,11/1/2017,A,Spurs,LW,80',Right-footed shot,Borja Mayoral
ronaldo,Champions League,Group Stage,11/21/2017,A,APOEL Nicosia,LW,49',Header,Marcelo
ronaldo,,,,,,,54',Left-footed shot,
ronaldo,LaLiga,13,11/25/2017,H,Málaga CF  ,CF,76',Penalty rebound,
ronaldo,Champions League,Group Stage,12/6/2017,H,Bor. Dortmund,LW,12',Right-footed shot,Mateo Kovacic
ronaldo,LaLiga,15,12/9/2017,H,Sevilla FC  ,CF,23',Right-footed shot,Marco Asensio
ronaldo,,,,,,,31',Penalty,
ronaldo,Club World Cup,Semi-Finals,12/13/2017,A,Al-Jazira,LW,53',Right-footed shot,Luka Modric
ronaldo,Club World Cup,Final,12/16/2017,H,Grêmio,LW,53',Direct free kick,
ronaldo,LaLiga,20,1/21/2018,H,Dep. La Coruña  ,LW,78',Left-footed shot,Casemiro
ronaldo,,,,,,,84',Header,Lucas Vázquez
ronaldo,LaLiga,21,1/27/2018,A,Valencia  ,LW,16',Penalty,
ronaldo,,,,,,,38',Penalty,
ronaldo,LaLiga,23,2/10/2018,H,Real Sociedad  ,CF,27',Right-footed shot,Marcelo
ronaldo,,,,,,,37',Header,Luka Modric
ronaldo,,,,,,,80',Tap-in,
ronaldo,Champions League,last 16,2/14/2018,H,Paris SG,LW,45',Penalty,
ronaldo,,,,,,,83',Tap-in,
ronaldo,LaLiga,24,2/18/2018,A,Real Betis  ,CF,65',Right-footed shot,Casemiro
ronaldo,LaLiga,25,2/24/2018,H,Alavés  ,CF ,44',Left-footed shot,Karim Benzema
ronaldo,,,,,,,61',Right-footed shot,Lucas Vázquez
ronaldo,LaLiga,27,3/3/2018,H,Getafe  ,CF,45'+1,Left-footed shot,Karim Benzema
ronaldo,,,,,,,78',Header,Marcelo
ronaldo,Champions League,last 16,3/6/2018,A,Paris SG,CF,51',Header,Lucas Vázquez
ronaldo,LaLiga,28,3/10/2018,A,SD Eibar  ,CF,33',Right-footed shot,Luka Modric
ronaldo,,,,,,,84',Header,Daniel Carvajal
ronaldo,LaLiga,29,3/18/2018,H,Girona  ,CF,11',Left-footed shot,Toni Kroos
ronaldo,,,,,,,47',Left-footed shot,Karim Benzema
ronaldo,,,,,,,64',Tap-in,
ronaldo,,,,,,,90'+1,Right-footed shot,Toni Kroos
ronaldo,Champions League,Quarter-Finals,4/3/2018,A,Juventus,CF,3',Right-footed shot,Isco
ronaldo,,,,,,,64',Right-footed shot,Daniel Carvajal
ronaldo,LaLiga,31,4/8/2018,H,Atlético Madrid  ,CF,53',Right-footed shot,Gareth Bale
ronaldo,Champions League,Quarter-Finals,4/11/2018,H,Juventus,CF,90'+7,Penalty,
ronaldo,LaLiga,33,4/18/2018,H,Athletic  ,CF,87',Right-footed shot,Luka Modric
ronaldo,LaLiga,36,5/6/2018,A,FC Barcelona  ,LW,14',Right-footed shot,Karim Benzema
ronaldo,LaLiga,38,5/19/2018,A,Villarreal  ,CF,32',Header,Marcelo
ronaldo,Serie A,4,9/16/2018,H,Sassuolo  ,CF,50',Tap-in,
ronaldo,,,,,,,65',Left-footed shot,Emre Can
ronaldo,Serie A,5,9/23/2018,A,Frosinone  ,LW,81',Left-footed shot,
ronaldo,Serie A,8,10/6/2018,A,Udinese Calcio  ,LW,37',Left-footed shot,Mario Mandzukic
ronaldo,Serie A,9,10/20/2018,H,Genoa  ,LW,18',Tap-in,
ronaldo,Serie A,10,10/27/2018,A,FC Empoli  ,CF,54',Penalty,
ronaldo,,,,,,,70',Right-footed shot,Blaise Matuidi
ronaldo,Champions League,Group Stage,11/7/2018,H,Man Utd,CF,65',Right-footed shot,Leonardo Bonucci
ronaldo,Serie A,12,11/11/2018,A,AC Milan  ,LW,81',Tap-in,
ronaldo,Serie A,13,11/24/2018,H,SPAL  ,CF,29',Left-footed shot,Miralem Pjanic
ronaldo,Serie A,14,12/1/2018,A,Fiorentina  ,LW,79',Penalty,
ronaldo,Serie A,16,12/15/2018,A,Torino  ,LW,70',Penalty,
ronaldo,Serie A,18,12/26/2018,A,Atalanta  ,CF,78',Header,Giorgio Chiellini
ronaldo,Serie A,19,12/29/2018,H,Sampdoria  ,LW,2',Right-footed shot,Paulo Dybala
ronaldo,,,,,,,65',Penalty,
ronaldo,Supercoppa Italiana,Final,1/16/2019,H,AC Milan,LW,61',Header,Miralem Pjanic
ronaldo,Serie A,21,1/27/2019,A,Lazio  ,LW,88',Penalty,
ronaldo,Serie A,22,2/2/2019,H,Parma  ,LW,36',Right-footed shot,Blaise Matuidi
ronaldo,,,,,,,66',Header,Mario Mandzukic
ronaldo,Serie A,23,2/10/2019,A,Sassuolo  ,LW,70',Header,Miralem Pjanic
ronaldo,Serie A,24,2/15/2019,H,Frosinone  ,LW,63',Right-footed shot,Mario Mandzukic
ronaldo,Champions League,last 16,3/12/2019,H,Atlético Madrid,CF,27',Header,Federico Bernardeschi
ronaldo,,,,,,,49',Header,João Cancelo
ronaldo,,,,,,,86',Penalty,
ronaldo,Champions League,Quarter-Finals,4/10/2019,A,Ajax,LW,45',Header,João Cancelo
ronaldo,Champions League,Quarter-Finals,4/16/2019,H,Ajax,LW,28',Header,Miralem Pjanic
ronaldo,Serie A,34,4/27/2019,A,Inter  ,CF,62',Left-footed shot,Miralem Pjanic
ronaldo,Serie A,35,5/3/2019,H,Torino  ,CF,84',Header,Leonardo Spinazzola
ronaldo,Serie A,2,8/31/2019,H,SSC Napoli  ,LW,62',Left-footed shot,Douglas Costa
ronaldo,Serie A,4,9/21/2019,H,Hellas Verona  ,LW,49',Penalty,
ronaldo,Serie A,6,9/28/2019,H,SPAL  ,CF,78',Header,Paulo Dybala
ronaldo,Champions League,Group Stage,10/1/2019,H,Bay. Leverkusen,CF,89',Right-footed shot,Paulo Dybala
ronaldo,Serie A,8,10/19/2019,H,Bologna  ,CF,19',Right-footed shot,
ronaldo,Serie A,10,10/30/2019,H,Genoa  ,CF,90'+6,Penalty,
ronaldo,Serie A,14,12/1/2019,H,Sassuolo  ,CF,68',Penalty,
ronaldo,Serie A,15,12/7/2019,A,Lazio  ,CF,25',Tap-in,Rodrigo Bentancur
ronaldo,Champions League,Group Stage,12/11/2019,A,Bay. Leverkusen,CF,75',Right-footed shot,Paulo Dybala
ronaldo,Serie A,16,12/15/2019,H,Udinese Calcio  ,CF,9',Right-footed shot,
ronaldo,,,,,,,37',Left-footed shot,Gonzalo Higuaín
ronaldo,Serie A,17,12/18/2019,A,Sampdoria  ,LW,45',Header,Alex Sandro
ronaldo,Serie A,18,1/6/2020,H,Cagliari Calcio  ,CF,49',Right-footed shot,
ronaldo,,,,,,,67',Penalty,
ronaldo,,,,,,,82',Left-footed shot,Douglas Costa
ronaldo,Serie A,19,1/12/2020,A,AS Roma  ,CF,10',Penalty,
ronaldo,Serie A,20,1/19/2020,H,Parma  ,CF,43',Deflected shot on goal,Blaise Matuidi
ronaldo,,,,,,,58',Right-footed shot,Paulo Dybala
ronaldo,Coppa Italia,Quarter-Finals,1/22/2020,H,AS Roma,LW,26',Left-footed shot,Gonzalo Higuaín
ronaldo,Serie A,21,1/26/2020,A,SSC Napoli  ,LW,90',Right-footed shot,Rodrigo Bentancur
ronaldo,Serie A,22,2/2/2020,H,Fiorentina  ,LW,40',Penalty,
ronaldo,,,,,,,80',Penalty,
ronaldo,Serie A,23,2/8/2020,A,Hellas Verona  ,LW,65',Right-footed shot,Rodrigo Bentancur
ronaldo,Coppa Italia,Semi-Finals,2/13/2020,A,AC Milan,LW,90'+1,Penalty,
ronaldo,Serie A,25,2/22/2020,A,SPAL  ,LW,39',Tap-in,Juan Cuadrado
ronaldo,Serie A,27,6/22/2020,A,Bologna  ,LW,23',Penalty,
ronaldo,Serie A,28,6/26/2020,H,Lecce  ,LW,62',Penalty,
ronaldo,Serie A,29,6/30/2020,A,Genoa  ,LW,56',Long distance kick,Miralem Pjanic
ronaldo,Serie A,30,7/4/2020,H,Torino  ,LW,61',Direct free kick,
ronaldo,Serie A,31,7/7/2020,A,AC Milan  ,LW,53',Left-footed shot,Juan Cuadrado
ronaldo,Serie A,32,7/11/2020,H,Atalanta  ,LW,55',Penalty,
ronaldo,,,,,,,90',Penalty,
ronaldo,Serie A,34,7/20/2020,H,Lazio  ,LW,51',Penalty,
ronaldo,,,,,,,54',Counter attack goal,Paulo Dybala
ronaldo,Serie A,36,7/26/2020,H,Sampdoria  ,LW,45'+7,Right-footed shot,Miralem Pjanic
ronaldo,Champions League,last 16,8/7/2020,H,Olympique Lyon,LW,43',Penalty,
ronaldo,,,,,,,60',Left-footed shot,Federico Bernardeschi
ronaldo,Serie A,1,9/20/2020,H,Sampdoria  ,CF,88',Right-footed shot,Aaron Ramsey
ronaldo,Serie A,2,9/27/2020,A,AS Roma  ,CF,44',Penalty,
ronaldo,,,,,,,69',Header,Danilo
ronaldo,Serie A,6,11/1/2020,A,Spezia Calcio  ,CF,59',Right-footed shot,Álvaro Morata
ronaldo,,,,,,,76',Penalty,
ronaldo,Serie A,7,11/8/2020,A,Lazio  ,LW,15',Right-footed shot,Juan Cuadrado
ronaldo,Serie A,8,11/21/2020,H,Cagliari Calcio  ,CF,38',Right-footed shot,Álvaro Morata
ronaldo,,,,,,,42',Right-footed shot,Merih Demiral
ronaldo,Champions League,Group Stage,11/24/2020,H,Ferencváros,CF,35',Left-footed shot,Juan Cuadrado
ronaldo,Champions League,Group Stage,12/2/2020,H,Dynamo Kyiv,CF,57',Right-footed shot,Álvaro Morata
ronaldo,Champions League,Group Stage,12/8/2020,A,FC Barcelona,CF,13',Penalty,
ronaldo,,,,,,,52',Penalty,
ronaldo,Serie A,11,12/13/2020,A,Genoa  ,CF,78',Penalty,
ronaldo,,,,,,,89',Penalty,
ronaldo,Serie A,13,12/19/2020,A,Parma  ,CF,26',Header,Álvaro Morata
ronaldo,,,,,,,48',Left-footed shot,Aaron Ramsey
ronaldo,Serie A,15,1/3/2021,H,Udinese Calcio  ,CF,31',Right-footed shot,Aaron Ramsey
ronaldo,,,,,,,70',Left-footed shot,Rodrigo Bentancur
messi,LaLiga,34,5/1/2005,H,Albacete  ,CF,90'+1,Left-footed shot,Ronaldinho
messi,Champions League,Group Stage,11/2/2005,H,Panathinaikos,RW,34',Left-footed shot,
messi,LaLiga,13,11/27/2005,H,Racing  ,RW,51',Left-footed shot,Samuel Eto'o
messi,LaLiga,19,1/15/2006,H,Athletic  ,RW,50',Left-footed shot,Mark van Bommel
messi,LaLiga,20,1/22/2006,H,Alavés  ,CF,82',Left-footed shot,Ronaldinho
messi,LaLiga,21,1/29/2006,A,RCD Mallorca  ,CF,75',Right-footed shot,Sylvinho
messi,,,,,,,83',Left-footed shot,Ronaldinho
messi,Copa del Rey,Quarter-Finals,2/1/2006,H,Real Zaragoza,CF,42',Header,Ludovic Giuly
messi,LaLiga,24,2/18/2006,H,Real Betis  ,RW,84',Left-footed shot,
messi,LaLiga,1,8/28/2006,A,Celta de Vigo  ,LW,59',Left-footed shot,Andrés Iniesta
messi,LaLiga,2,9/9/2006,H,CA Osasuna  ,RW,36',Left-footed shot,Samuel Eto'o
messi,Champions League,Group Stage,9/27/2006,A,Werder Bremen,RW,89',Left-footed shot,Deco
messi,LaLiga,6,10/15/2006,H,Sevilla FC  ,RW,80',Right-footed shot,Xavi
messi,LaLiga,26,3/10/2007,H,Real Madrid  ,RW,11',Left-footed shot,Samuel Eto'o
messi,,,,,,,28',Left-footed shot,
messi,,,,,,,90'+1,Left-footed shot,Ronaldinho
messi,LaLiga,27,3/17/2007,A,Recr. Huelva  ,RW,86',Left-footed shot,
messi,LaLiga,28,3/31/2007,H,Dep. La Coruña  ,RW,45',Left-footed shot,Ronaldinho
messi,Copa del Rey,Semi-Finals,4/18/2007,H,Getafe,RW,29',Solo run,Xavi
messi,,,,,,,45',Left-footed shot,Deco
messi,LaLiga,35,5/20/2007,A,Atlético Madrid  ,RW,39',Left-footed shot,Samuel Eto'o
messi,,,,,,,80',Left-footed shot,Giovanni van Bronckhorst
messi,LaLiga,37,6/9/2007,H,Espanyol  ,RW,43',,Gianluca Zambrotta
messi,,,,,,,57',Right-footed shot,Deco
messi,LaLiga,38,6/17/2007,A,Gimnàstic  ,RW,34',Left-footed shot,Deco
messi,,,,,,,51',Left-footed shot,Deco
messi,Champions League,Group Stage,9/19/2007,H,Olympique Lyon,RW,82',Left-footed shot,Andrés Iniesta
messi,LaLiga,4,9/22/2007,H,Sevilla FC  ,RW,72',Left-footed shot,Thierry Henry
messi,,,,,,,79',Penalty,
messi,LaLiga,5,9/26/2007,H,Real Zaragoza  ,RW,5',Left-footed shot,Thierry Henry
messi,,,,,,,10',Left-footed shot,Deco
messi,LaLiga,6,9/29/2007,A,Levante  ,RW,50',Left-footed shot,Deco
messi,Champions League,Group Stage,10/2/2007,A,VfB Stuttgart,RW,66',Deflected shot on goal,Thierry Henry
messi,LaLiga,7,10/7/2007,H,Atlético Madrid  ,RW,19',Left-footed shot,Ronaldinho
messi,LaLiga,9,10/28/2007,H,UD Almería  ,RW,80',Penalty,
messi,Champions League,Group Stage,11/7/2007,H,Rangers,RW,41',Left-footed shot,Ronaldinho
messi,LaLiga,13,11/24/2007,H,Recr. Huelva  ,RW,81',Penalty,
messi,Champions League,Group Stage,11/27/2007,A,Olympique Lyon,RW,58',Penalty,
messi,Champions League,last 16,2/20/2008,A,Celtic,RW,18',Left-footed shot,Deco
messi,,,,,,,79',Left-footed shot,
messi,LaLiga,25,2/24/2008,H,Levante  ,RW,44',Left-footed shot,Xavi
messi,LaLiga,35,5/4/2008,H,Valencia  ,RW,5',Penalty,
messi,LaLiga,2,9/13/2008,H,Racing  ,RW,70',Penalty,
messi,LaLiga,3,9/21/2008,A,Sporting Gijón  ,RW,85',Left-footed shot,Andrés Iniesta
messi,,,,,,,89',Header,Xavi
messi,LaLiga,5,9/27/2008,A,Espanyol  ,RW,90',Penalty,
messi,Champions League,Group Stage,10/1/2008,A,Shakhtar D.,RW,87',Right-footed shot,Bojan Krkic
messi,,,,,,,90'+2,Left-footed shot,Xavi
messi,LaLiga,6,10/4/2008,H,Atlético Madrid  ,RW,8',Direct free kick,
messi,Champions League,Group Stage,10/22/2008,A,FC Basel,CF,4',Left-footed shot,Dani Alves
messi,LaLiga,9,11/1/2008,A,Málaga CF  ,RW,19',Left-footed shot,
messi,Champions League,Group Stage,11/4/2008,H,FC Basel,RW,61',Left-footed shot,Thierry Henry
messi,Copa del Rey,Fifth Round,11/12/2008,H,Benidorm CF,RW,86',Penalty rebound,
messi,LaLiga,11,11/16/2008,A,Recr. Huelva  ,RW,51',Left-footed shot,Xavi
messi,Champions League,Group Stage,11/26/2008,A,Sporting CP,RW,49',Left-footed shot,Dani Alves
messi,LaLiga,13,11/29/2008,A,Sevilla FC  ,RW,78',Left-footed shot,Xavi
messi,,,,,,,90'+2,Left-footed shot,Aleksandr Hleb
messi,LaLiga,15,12/13/2008,H,Real Madrid  ,RW,89',Left-footed shot,Thierry Henry
messi,Copa del Rey,Round of 16,1/6/2009,A,Atlético Madrid,RW,11',Left-footed shot,Dani Alves
messi,,,,,,,57',Penalty,
messi,,,,,,,79',Right-footed shot,Andrés Iniesta
messi,LaLiga,18,1/11/2009,A,CA Osasuna  ,RW,84',Left-footed shot,Dani Alves
messi,LaLiga,19,1/17/2009,H,Dep. La Coruña  ,RW,21',Left-footed shot,
messi,LaLiga,20,1/24/2009,H,CD Numancia  ,RW,49',Left-footed shot,Dani Alves
messi,,,,,,,76',Right-footed shot,
messi,LaLiga,21,2/1/2009,A,Racing  ,RW,65',Right-footed shot,Xavi
messi,,,,,,,81',Right-footed shot,
messi,LaLiga,25,3/1/2009,A,Atlético Madrid  ,RW,30',Left-footed shot,
messi,Copa del Rey,Semi-Finals,3/4/2009,A,RCD Mallorca,RW,81',Left-footed shot,Gerard Piqué
messi,LaLiga,26,3/7/2009,H,Athletic  ,RW,31',Penalty,
messi,Champions League,last 16,3/11/2009,H,Olympique Lyon,RW,40',Left-footed shot,Samuel Eto'o
messi,LaLiga,28,3/22/2009,H,Málaga CF  ,RW,26',Right-footed shot,Xavi
messi,Champions League,Quarter-Finals,4/8/2009,H,Bayern Munich ,RW,9',Left-footed shot,Samuel Eto'o
messi,,,,,,,38',Right-footed shot,Thierry Henry
messi,LaLiga,31,4/18/2009,A,Getafe  ,RW,18',Left-footed shot,Xavi
messi,LaLiga,33,4/25/2009,A,Valencia  ,RW,23',Left-footed shot,Andrés Iniesta
messi,LaLiga,34,5/2/2009,A,Real Madrid  ,CF,35',Left-footed shot,Xavi
messi,,,,,,,75',Left-footed shot,Xavi
messi,Copa del Rey,Final,5/13/2009,H,Athletic,RW,55',Left-footed shot,Samuel Eto'o
messi,Champions League,Final,5/27/2009,H,Man Utd,CF,70',Header,Xavi
messi,Supercopa,final,8/23/2009,H,Athletic,RW,50',Right-footed shot,Zlatan Ibrahimovic
messi,,,,,,,68',Penalty,
messi,LaLiga,2,9/12/2009,A,Getafe  ,RW,78',Header,Zlatan Ibrahimovic
messi,LaLiga,3,9/19/2009,H,Atlético Madrid  ,RW,15',Left-footed shot,Xavi
messi,,,,,,,90'+3,Right-footed shot,Dani Alves
messi,LaLiga,4,9/22/2009,A,Racing  ,RW,23',Left-footed shot,Xavi
messi,,,,,,,63',Left-footed shot,Xavi
messi,Champions League,Group Stage,9/29/2009,H,Dynamo Kyiv,RW,25',Left-footed shot,Andrés Iniesta
messi,LaLiga,8,10/25/2009,H,Real Zaragoza  ,RW,80',Left-footed shot,Andrés Iniesta
messi,LaLiga,10,11/7/2009,H,RCD Mallorca  ,RW,86',Penalty,
messi,Copa del Rey,5th round,11/10/2009,H,CyD Leonesa,RW,64',Left-footed shot,Pedro
messi,LaLiga,13,12/5/2009,A,Dep. La Coruña  ,RW,26',Left-footed shot,Dani Alves
messi,,,,,,,80',Header,Pedro
messi,Champions League,Group Stage,12/9/2009,A,Dynamo Kyiv,RW,86',Direct free kick,
messi,Club World Cup,Semi-Finals,12/16/2009,A,Atlante,RW,55',Left-footed shot,Zlatan Ibrahimovic
messi,Club World Cup,Final,12/19/2009,A,Estudiantes,RW,110',Chest,Dani Alves
messi,LaLiga,17,1/10/2010,A,CD Tenerife  ,RW,36',Left-footed shot,Bojan Krkic
messi,,,,,,,45',Right-footed shot,Bojan Krkic
messi,,,,,,,75',Left-footed shot,Bojan Krkic
messi,LaLiga,18,1/16/2010,H,Sevilla FC  ,RW,85',Left-footed shot,Dani Alves
messi,,,,,,,90'+1,Left-footed shot,Éric Abidal
messi,LaLiga,19,1/23/2010,A,Real Valladolid  ,RW,54',Left-footed shot,Zlatan Ibrahimovic
messi,LaLiga,21,2/6/2010,H,Getafe  ,RW,7',Left-footed shot,Yaya Touré
messi,LaLiga,24,2/27/2010,H,Málaga CF  ,RW,84',Right-footed shot,Dani Alves
messi,LaLiga,25,3/6/2010,A,UD Almería  ,RW,42',Direct free kick,
messi,,,,,,,66',Left-footed shot,
messi,LaLiga,26,3/14/2010,H,Valencia  ,CF,56',Left-footed shot,Xavi
messi,,,,,,,80',Left-footed shot,Thierry Henry
messi,,,,,,,82',Right-footed shot,Thierry Henry
messi,Champions League,last 16,3/17/2010,H,VfB Stuttgart,RW,13',Left-footed shot,Yaya Touré
messi,,,,,,,56',Left-footed shot,Dani Alves
messi,LaLiga,27,3/21/2010,A,Real Zaragoza  ,RW,4',Header,Pedro
messi,,,,,,,65',Left-footed shot,
messi,,,,,,,78',Left-footed shot,Andrés Iniesta
messi,LaLiga,30,4/3/2010,H,Athletic  ,CF,67',Left-footed shot,Pedro
messi,Champions League,Quarter-Finals,4/6/2010,H,Arsenal,RW,21',Left-footed shot,
messi,,,,,,,37',Right-footed shot,Pedro
messi,,,,,,,42',Left-footed shot,Seydou Keita
messi,,,,,,,88',Left-footed shot,Xavi
messi,LaLiga,31,4/10/2010,A,Real Madrid  ,CF,32',Right-footed shot,Xavi
messi,LaLiga,35,5/1/2010,A,Villarreal  ,RW,18',Left-footed shot,Xavi
messi,,,,,,,87',Left-footed shot,Dani Alves
messi,LaLiga,36,5/4/2010,H,CD Tenerife  ,RW,16',Right-footed shot,
messi,,,,,,,90'+3,Right-footed shot,Dani Alves
messi,LaLiga,37,5/8/2010,A,Sevilla FC  ,RW,5',Left-footed shot,Maxwell
messi,LaLiga,38,5/16/2010,H,Real Valladolid  ,RW,61',Right-footed shot,Yaya Touré
messi,,,,,,,74',Left-footed shot,Yaya Touré
messi,Supercopa,final,8/21/2010,H,Sevilla FC,RW,25',Left-footed shot,Xavi
messi,,,,,,,43',Right-footed shot,Dani Alves
messi,,,,,,,90'+1,Left-footed shot,Andrés Iniesta
messi,LaLiga,1,8/29/2010,A,Racing  ,RW,3',Left-footed shot,Andrés Iniesta
messi,Champions League,Group Stage,9/14/2010,H,Panathinaikos,CF,22',Left-footed shot,Xavi
messi,,,,,,,45',Left-footed shot,Pedro
messi,LaLiga,3,9/19/2010,A,Atlético Madrid  ,CF,12',Left-footed shot,Pedro
messi,LaLiga,6,10/3/2010,H,RCD Mallorca  ,CF,20',Left-footed shot,Pedro
messi,Champions League,Group Stage,10/20/2010,H,FC Copenhagen,CF,18',Left-footed shot,Andrés Iniesta
messi,,,,,,,90'+1,Left-footed shot,Éric Abidal
messi,LaLiga,8,10/23/2010,A,Real Zaragoza  ,CF,41',Left-footed shot,David Villa
messi,,,,,,,65',Left-footed shot,
messi,LaLiga,9,10/30/2010,H,Sevilla FC  ,RW,4',Left-footed shot,
messi,,,,,,,63',Left-footed shot,
messi,Champions League,Group Stage,11/2/2010,A,FC Copenhagen,CF,31',Right-footed shot,
messi,LaLiga,10,11/7/2010,A,Getafe  ,CF,23',Left-footed shot,
messi,Copa del Rey,4th round,11/10/2010,H,AD Ceuta ,RW,67',Left-footed shot,Thiago
messi,LaLiga,11,11/13/2010,H,Villarreal  ,CF,58',Right-footed shot,Pedro
messi,,,,,,,83',Left-footed shot,Pedro
messi,LaLiga,12,11/20/2010,A,UD Almería  ,CF,16',Left-footed shot,David Villa
messi,,,,,,,36',Tap-in,
messi,,,,,,,67',Tap-in,David Villa
messi,Champions League,Group Stage,11/24/2010,A,Panathinaikos,CF,63',Left-footed shot,Adriano
messi,LaLiga,14,12/4/2010,A,CA Osasuna  ,CF,64',Left-footed shot,David Villa
messi,,,,,,,82',Penalty,
messi,LaLiga,15,12/12/2010,H,Real Sociedad  ,CF,46',Left-footed shot,Dani Alves
messi,,,,,,,86',Left-footed shot,Bojan Krkic
messi,LaLiga,18,1/8/2011,A,Dep. La Coruña  ,CF,51',Direct free kick,
messi,Copa del Rey,Quarter-Finals,1/12/2011,H,Real Betis,CF,44',Left-footed shot,Andrés Iniesta
messi,,,,,,,63',Left-footed shot,
messi,,,,,,,73',Left-footed shot,Xavi
messi,Copa del Rey,Quarter-Finals,1/19/2011,A,Real Betis,RW,37',Left-footed shot,Xavi
messi,LaLiga,20,1/22/2011,H,Racing  ,CF,33',Penalty,
messi,Copa del Rey,Semi-Finals,1/26/2011,H,UD Almería,CF,9',Left-footed shot,Pedro
messi,,,,,,,15',Left-footed shot,Andrés Iniesta
messi,LaLiga,21,1/29/2011,A,Hércules CF  ,CF,87',Left-footed shot,Dani Alves
messi,,,,,,,89',Left-footed shot,Dani Alves
messi,LaLiga,22,2/5/2011,H,Atlético Madrid  ,CF,16',Left-footed shot,Dani Alves
messi,,,,,,,28',Left-footed shot,Pedro
messi,,,,,,,78',Left-footed shot,David Villa
messi,LaLiga,24,2/20/2011,H,Athletic  ,CF,78',Right-footed shot,Dani Alves
messi,LaLiga,25,2/26/2011,A,RCD Mallorca  ,CF,38',Header,Seydou Keita
messi,LaLiga,26,3/2/2011,A,Valencia  ,CF,77',Left-footed shot,Adriano
messi,Champions League,last 16,3/8/2011,H,Arsenal,RW,49',Left-footed shot,Andrés Iniesta
messi,,,,,,,72',Penalty,
messi,LaLiga,31,4/9/2011,H,UD Almería  ,CF,52',Penalty,
messi,,,,,,,90'+1,Left-footed shot,Seydou Keita
messi,Champions League,Quarter-Finals,4/12/2011,A,Shakhtar D.,CF,42',Left-footed shot,Dani Alves
messi,LaLiga,32,4/16/2011,A,Real Madrid  ,CF,53',Penalty,
messi,LaLiga,33,4/23/2011,H,CA Osasuna  ,CF,87',Right-footed shot,Dani Alves
messi,Champions League,Semi-Finals,4/27/2011,A,Real Madrid,CF,76',Left-footed shot,Ibrahim Afellay
messi,,,,,,,87',Solo run,Sergio Busquets
messi,Champions League,Final,5/28/2011,H,Man Utd,CF,54',Left-footed shot,Andrés Iniesta
messi,Supercopa,final,8/14/2011,A,Real Madrid,CF,45',Left-footed shot,Thiago
messi,Supercopa,final,8/17/2011,H,Real Madrid,CF,44',Right-footed shot,Gerard Piqué
messi,,,,,,,88',Left-footed shot,Adriano
messi,UEFA Super Cup,Final,8/26/2011,H,FC Porto,CF,39',Left-footed shot,
messi,LaLiga,2,8/29/2011,H,Villarreal  ,CF,51',Right-footed shot,Andrés Iniesta
messi,,,,,,,74',Left-footed shot,Thiago
messi,LaLiga,4,9/17/2011,H,CA Osasuna  ,CF,5',Left-footed shot,Dani Alves
messi,,,,,,,41',Left-footed shot,Cesc Fàbregas
messi,,,,,,,79',Left-footed shot,Cesc Fàbregas
messi,LaLiga,6,9/24/2011,H,Atlético Madrid  ,CF,26',Left-footed shot,Pedro
messi,,,,,,,78',Left-footed shot,Dani Alves
messi,,,,,,,90'+1,Left-footed shot,David Villa
messi,Champions League,Group Stage,9/28/2011,A,BATE Borisov,CF,38',Header,
messi,,,,,,,56',Left-footed shot,Dani Alves
messi,LaLiga,8,10/15/2011,H,Racing  ,CF,11',Right-footed shot,Andrés Iniesta
messi,,,,,,,69',Right-footed shot,
messi,LaLiga,11,10/29/2011,H,RCD Mallorca  ,CF,13',Penalty,
messi,,,,,,,21',Right-footed shot,Adriano
messi,,,,,,,30',Left-footed shot,Dani Alves
messi,Champions League,Group Stage,11/1/2011,A,Viktoria Plzen,CF,24',Penalty,
messi,,,,,,,45'+2,Left-footed shot,Adriano
messi,,,,,,,90'+2,Left-footed shot,Gerard Piqué
messi,LaLiga,12,11/6/2011,A,Athletic  ,CF,90',Left-footed shot,
messi,LaLiga,13,11/19/2011,H,Real Zaragoza  ,CF,43',Right-footed shot,Cesc Fàbregas
messi,Champions League,Group Stage,11/23/2011,A,AC Milan,RW,31',Penalty,
messi,LaLiga,17,11/29/2011,H,Rayo Vallecano  ,CF,49',Left-footed shot,Dani Alves
messi,LaLiga,15,12/3/2011,H,Levante  ,CF,55',Left-footed shot,Dani Alves
messi,Club World Cup,Final,12/18/2011,A,Santos FC,RW,17',Left-footed shot,Xavi
messi,,,,,,,82',Left-footed shot,Dani Alves
messi,Copa del Rey,last 16,1/4/2012,H,CA Osasuna,CF,71',Header,Cesc Fàbregas
messi,,,,,,,90',Left-footed shot,Xavi
messi,LaLiga,19,1/15/2012,H,Real Betis  ,CF,12',Right-footed shot,Alexis Sánchez
messi,,,,,,,86',Penalty,
messi,LaLiga,1,1/22/2012,A,Málaga CF  ,CF,32',Header,Adriano
messi,,,,,,,51',Left-footed shot,Thiago
messi,,,,,,,77',Left-footed shot,Pedro
messi,LaLiga,22,2/4/2012,H,Real Sociedad  ,CF,72',Left-footed shot,Dani Alves
messi,Champions League,last 16,2/14/2012,A,Bay. Leverkusen,CF,88',Left-footed shot,Dani Alves
messi,LaLiga,24,2/19/2012,H,Valencia  ,CF,21',Left-footed shot,
messi,,,,,,,27',Tap-in,
messi,,,,,,,75',Left-footed shot,
messi,,,,,,,84',Left-footed shot,Sergio Busquets
messi,LaLiga,25,2/26/2012,A,Atlético Madrid  ,CF,79',Direct free kick,
messi,Champions League,last 16,3/7/2012,H,Bay. Leverkusen,CF,25',Left-footed shot,Xavi
messi,,,,,,,42',Left-footed shot,Andrés Iniesta
messi,,,,,,,50',Right-footed shot,Cesc Fàbregas
messi,,,,,,,58',Left-footed shot,
messi,,,,,,,85',Left-footed shot,Seydou Keita
messi,LaLiga,27,3/11/2012,A,Racing  ,CF,28',Left-footed shot,Cesc Fàbregas
messi,,,,,,,55',Penalty,
messi,LaLiga,28,3/17/2012,A,Sevilla FC  ,CF,25',Left-footed shot,Andrés Iniesta
messi,LaLiga,29,3/20/2012,H,Granada CF  ,CF,16',Left-footed shot,Isaac Cuenca
messi,,,,,,,66',Left-footed shot,Dani Alves
messi,,,,,,,85',Left-footed shot,Dani Alves
messi,LaLiga,30,3/24/2012,A,RCD Mallorca  ,CF,25',Direct free kick,
messi,LaLiga,31,3/31/2012,H,Athletic  ,CF,57',Penalty,
messi,Champions League,Quarter-Finals,4/3/2012,H,AC Milan,RW,11',Penalty,
messi,,,,,,,42',Penalty,
messi,LaLiga,32,4/7/2012,A,Real Zaragoza  ,CF,39',Left-footed shot,Alexis Sánchez
messi,,,,,,,86',Penalty,
messi,LaLiga,33,4/10/2012,H,Getafe  ,CF,44',Left-footed shot,Andrés Iniesta
messi,LaLiga,34,4/14/2012,A,Levante  ,CF,64',Left-footed shot,Alexis Sánchez
messi,,,,,,,73',Penalty,
messi,LaLiga,36,4/29/2012,A,Rayo Vallecano  ,CF,16',Left-footed shot,Pedro
messi,,,,,,,88',Left-footed shot,Pedro
messi,LaLiga,20,5/2/2012,H,Málaga CF  ,CF,34',Penalty,
messi,,,,,,,60',Penalty,
messi,,,,,,,63',Left-footed shot,Andrés Iniesta
messi,LaLiga,37,5/5/2012,H,Espanyol  ,CF,11',Direct free kick,
messi,,,,,,,63',Penalty,
messi,,,,,,,73',Left-footed shot,Adriano
messi,,,,,,,78',Penalty,
messi,Copa del Rey,Final,5/25/2012,H,Athletic,CF,20',Right-footed shot,Andrés Iniesta
messi,LaLiga,1,8/19/2012,H,Real Sociedad  ,CF,10',Left-footed shot,Pedro
messi,,,,,,,15',Left-footed shot,Cristian Tello
messi,Supercopa,final,8/23/2012,H,Real Madrid,CF,60',Penalty,
messi,LaLiga,2,8/26/2012,A,CA Osasuna  ,CF,74',Left-footed shot,Alexis Sánchez
messi,,,,,,,79',Left-footed shot,Jordi Alba
messi,Supercopa,final,8/29/2012,A,Real Madrid,CF,45',Direct free kick,
messi,LaLiga,4,9/15/2012,A,Getafe  ,CF,74',Penalty,
messi,,,,,,,78',Left-footed shot,Pedro
messi,Champions League,Group Stage,9/19/2012,H,Spartak Moscow,CF,71',Left-footed shot,Cristian Tello
messi,,,,,,,80',Header,Alexis Sánchez
messi,LaLiga,7,10/7/2012,H,Real Madrid  ,CF,31',Left-footed shot,
messi,,,,,,,60',Direct free kick,
messi,LaLiga,8,10/20/2012,A,Dep. La Coruña  ,CF,17',Left-footed shot,Cesc Fàbregas
messi,,,,,,,43',Left-footed shot,Cesc Fàbregas
messi,,,,,,,76',Left-footed shot,Xavi
messi,LaLiga,9,10/27/2012,A,Rayo Vallecano  ,CF,48',Left-footed shot,Martín Montoya
messi,,,,,,,89',Right-footed shot,Cesc Fàbregas
messi,Champions League,Group Stage,11/7/2012,A,Celtic,CF,90'+1,Tap-in,
messi,LaLiga,11,11/11/2012,A,RCD Mallorca  ,CF,43',Left-footed shot,Sergio Busquets
messi,,,,,,,70',Left-footed shot,Alexis Sánchez
messi,LaLiga,12,11/17/2012,H,Real Zaragoza  ,CF,15',Left-footed shot,Jordi Alba
messi,,,,,,,60',Left-footed shot,Martín Montoya
messi,Champions League,Group Stage,11/20/2012,A,Spartak Moscow,CF,27',Right-footed shot,
messi,,,,,,,39',Left-footed shot,Pedro
messi,LaLiga,13,11/25/2012,A,Levante  ,CF,46',Left-footed shot,Andrés Iniesta
messi,,,,,,,51',Left-footed shot,Andrés Iniesta
messi,LaLiga,14,12/1/2012,H,Athletic  ,CF,24',Left-footed shot,Xavi
messi,,,,,,,69',Right-footed shot,Pedro
messi,LaLiga,15,12/9/2012,A,Real Betis  ,CF,16',Left-footed shot,Andrés Iniesta
messi,,,,,,,25',Left-footed shot,Andrés Iniesta
messi,Copa del Rey,last 16,12/12/2012,A,Córdoba CF,CF,10',Left-footed shot,David Villa
messi,,,,,,,73',Left-footed shot,Alexis Sánchez
messi,LaLiga,16,12/16/2012,H,Atlético Madrid  ,CF,58',Left-footed shot,Alexis Sánchez
messi,,,,,,,88',Left-footed shot,
messi,LaLiga,17,12/22/2012,A,Real Valladolid  ,CF,59',Left-footed shot,Xavi
messi,LaLiga,18,1/6/2013,H,Espanyol  ,CF,28',Penalty,
messi,LaLiga,19,1/13/2013,A,Málaga CF  ,CF,26',Right-footed shot,
messi,Copa del Rey,Quarter-Finals,1/16/2013,H,Málaga CF,CF,29',Left-footed shot,
messi,LaLiga,20,1/19/2013,A,Real Sociedad  ,CF,6',Left-footed shot,Andrés Iniesta
messi,Copa del Rey,Quarter-Finals,1/24/2013,A,Málaga CF,CF,79',Header,Dani Alves
messi,LaLiga,21,1/27/2013,H,CA Osasuna  ,CF,11',Right-footed shot,Xavi
messi,,,,,,,28',Penalty,
messi,,,,,,,56',Left-footed shot,David Villa
messi,,,,,,,58',Left-footed shot,Adriano
messi,LaLiga,22,2/3/2013,A,Valencia  ,CF,39',Penalty,
messi,LaLiga,23,2/10/2013,H,Getafe  ,CF,13',Left-footed shot,Thiago
messi,LaLiga,24,2/16/2013,A,Granada CF  ,CF,49',Left-footed shot,
messi,,,,,,,72',Direct free kick,
messi,LaLiga,25,2/23/2013,H,Sevilla FC  ,CF,60',Left-footed shot,Cristian Tello
messi,LaLiga,26,3/2/2013,A,Real Madrid  ,CF,18',Left-footed shot,Dani Alves
messi,LaLiga,27,3/9/2013,H,Dep. La Coruña  ,CF,88',Left-footed shot,Alexis Sánchez
messi,Champions League,last 16,3/12/2013,H,AC Milan,CF,5',Left-footed shot,Xavi
messi,,,,,,,40',Left-footed shot,Andrés Iniesta
messi,LaLiga,28,3/17/2013,H,Rayo Vallecano  ,CF,40',Left-footed shot,David Villa
messi,,,,,,,57',Left-footed shot,David Villa
messi,LaLiga,29,3/30/2013,A,Celta de Vigo  ,CF ,73',Left-footed shot,Cristian Tello
messi,Champions League,Quarter-Finals,4/2/2013,A,Paris SG,CF,38',Left-footed shot,Dani Alves
messi,LaLiga,33,4/27/2013,A,Athletic  ,CF,67',Left-footed shot,Thiago
messi,LaLiga,34,5/5/2013,H,Real Betis  ,CF,60',Direct free kick,
messi,,,,,,,71',Left-footed shot,Alexis Sánchez
messi,LaLiga,1,8/18/2013,H,Levante  ,CF,13',Left-footed shot,Pedro
messi,,,,,,,42',Penalty,
messi,LaLiga,3,9/1/2013,A,Valencia  ,CF,11',Left-footed shot,Cesc Fàbregas
messi,,,,,,,39',Right-footed shot,Cesc Fàbregas
messi,,,,,,,41',Left-footed shot,Neymar
messi,LaLiga,4,9/14/2013,H,Sevilla FC  ,CF,75',Left-footed shot,Neymar
messi,Champions League,Group Stage,9/18/2013,H,Ajax,CF,22',Direct free kick,
messi,,,,,,,55',Left-footed shot,Sergio Busquets
messi,,,,,,,75',Left-footed shot,Xavi
messi,LaLiga,6,9/24/2013,H,Real Sociedad  ,CF,8',Header,Neymar
messi,LaLiga,7,9/28/2013,A,UD Almería  ,CF,21',Left-footed shot,Pedro
messi,Champions League,Group Stage,10/22/2013,A,AC Milan,CF,23',Left-footed shot,Andrés Iniesta
messi,Champions League,Group Stage,11/6/2013,H,AC Milan,CF,30',Penalty,
messi,,,,,,,83',Left-footed shot,Cesc Fàbregas
messi,Copa del Rey,last 16,1/8/2014,H,Getafe,CF,90',Left-footed shot,Martín Montoya
messi,,,,,,,90'+2,Left-footed shot,Alex Song
messi,Copa del Rey,last 16,1/16/2014,A,Getafe,CF,43',Right-footed shot,Cristian Tello
messi,,,,,,,63',Left-footed shot,
messi,LaLiga,22,2/1/2014,H,Valencia  ,CF,54',Penalty,
messi,LaLiga,23,2/9/2014,A,Sevilla FC  ,CF,44',Left-footed shot,Pedro
messi,,,,,,,56',Left-footed shot,Andrés Iniesta
messi,Copa del Rey,Semi-Finals,2/12/2014,A,Real Sociedad,CF,26',Solo run,
messi,LaLiga,24,2/15/2014,H,Rayo Vallecano  ,CF,36',Left-footed shot,Cesc Fàbregas
messi,,,,,,,68',Left-footed shot,Alexis Sánchez
messi,Champions League,last 16,2/18/2014,A,Man City,CF,54',Penalty,
messi,LaLiga,25,2/22/2014,A,Real Sociedad  ,CF,36',Left-footed shot,Martín Montoya
messi,LaLiga,26,3/2/2014,H,UD Almería  ,CF,24',Direct free kick,
messi,Champions League,last 16,3/12/2014,H,Man City,CF,67',Left-footed shot,
messi,LaLiga,28,3/16/2014,H,CA Osasuna  ,CF,18',Left-footed shot,Alexis Sánchez
messi,,,,,,,63',Left-footed shot,Andrés Iniesta
messi,,,,,,,88',Right-footed shot,Dani Alves
messi,LaLiga,29,3/23/2014,A,Real Madrid  ,CF,42',Left-footed shot,Neymar
messi,,,,,,,65',Penalty,
messi,,,,,,,84',Penalty,
messi,LaLiga,30,3/26/2014,H,Celta de Vigo  ,CF,30',Right-footed shot,Andrés Iniesta
messi,LaLiga,31,3/29/2014,A,Espanyol  ,CF,77',Penalty,
messi,LaLiga,32,4/5/2014,H,Real Betis  ,CF,15',Penalty,
messi,,,,,,,86',Penalty rebound,Antonio Amaya
messi,LaLiga,34,4/20/2014,H,Athletic  ,CF,74',Direct free kick,
messi,LaLiga,35,4/27/2014,A,Villarreal  ,CF,83',Right-footed shot,Cesc Fàbregas
messi,LaLiga,36,5/3/2014,H,Getafe  ,CF,23',Left-footed shot,Dani Alves
messi,LaLiga,1,8/24/2014,H,Elche CF  ,CF,42',Left-footed shot,Sergio Busquets
messi,,,,,,,64',Left-footed shot,
messi,LaLiga,4,9/21/2014,A,Levante  ,CF,77',Right-footed shot,
messi,LaLiga,6,9/27/2014,H,Granada CF  ,CF,62',Header,Dani Alves
messi,,,,,,,82',Right-footed shot,
messi,Champions League,Group Stage,9/30/2014,A,Paris SG,RW,12',Left-footed shot,Andrés Iniesta
messi,LaLiga,7,10/4/2014,A,Rayo Vallecano  ,CF,35',Left-footed shot,Gerard Piqué
messi,LaLiga,8,10/18/2014,H,SD Eibar  ,CF,74',Left-footed shot,Neymar
messi,Champions League,Group Stage,10/21/2014,H,Ajax,CF,24',Left-footed shot,Andrés Iniesta
messi,Champions League,Group Stage,11/5/2014,A,Ajax,RW,36',Header,Marc Bartra
messi,,,,,,,76',Left-footed shot,Pedro
messi,LaLiga,12,11/22/2014,H,Sevilla FC  ,RW,21',Direct free kick,
messi,,,,,,,73',Tap-in,Neymar
messi,,,,,,,78',Left-footed shot,Neymar
messi,Champions League,Group Stage,11/25/2014,A,APOEL Nicosia,CF ,38',Right-footed shot,Rafinha
messi,,,,,,,58',Right-footed shot,Dani Alves
messi,,,,,,,87',Right-footed shot,Pedro
messi,LaLiga,14,12/7/2014,H,Espanyol  ,RW,45'+1,Left-footed shot,Xavi
messi,,,,,,,50',Right-footed shot,Luis Suárez
messi,,,,,,,81',Right-footed shot,Pedro
messi,Champions League,Group Stage,12/10/2014,H,Paris SG,AM,19',Right-footed shot,Luis Suárez
messi,LaLiga,16,12/20/2014,H,Córdoba CF  ,RW,82',Right-footed shot,
messi,,,,,,,90',Right-footed shot,
messi,Copa del Rey,last 16,1/8/2015,H,Elche CF,RW ,45',Penalty,
messi,LaLiga,18,1/11/2015,H,Atlético Madrid  ,RW,87',Left-footed shot,
messi,LaLiga,19,1/18/2015,A,Dep. La Coruña  ,RW,11',Header,Ivan Rakitic
messi,,,,,,,33',Left-footed shot,Luis Suárez
messi,,,,,,,62',Left-footed shot,Ivan Rakitic
messi,Copa del Rey,Quarter-Finals,1/21/2015,H,Atlético Madrid,RW ,85',Penalty rebound,
messi,LaLiga,20,1/24/2015,A,Elche CF  ,CF,55',Penalty,
messi,,,,,,,88',Left-footed shot,Marc Bartra
messi,LaLiga,21,2/1/2015,H,Villarreal  ,RW,55',Right-footed shot,Luis Suárez
messi,LaLiga,22,2/8/2015,A,Athletic  ,RW,15',Direct free kick,
messi,Copa del Rey,Semi-Finals,2/11/2015,H,Villarreal,RW,41',Left-footed shot,Luis Suárez
messi,LaLiga,23,2/15/2015,H,Levante  ,CF,38',Right-footed shot,Marc Bartra
messi,,,,,,,59',Right-footed shot,Pedro
messi,,,,,,,65',Penalty,
messi,LaLiga,25,2/28/2015,A,Granada CF  ,RW,70',Right-footed shot,Luis Suárez
messi,LaLiga,26,3/8/2015,H,Rayo Vallecano  ,RW,56',Penalty,
messi,,,,,,,63',Tap-in,
messi,,,,,,,68',Left-footed shot,Pedro
messi,LaLiga,27,3/14/2015,A,SD Eibar  ,RW ,31',Penalty,
messi,,,,,,,55',Header,Ivan Rakitic
messi,LaLiga,30,4/8/2015,H,UD Almería  ,RW,33',Left-footed shot,Marc Bartra
messi,LaLiga,31,4/11/2015,A,Sevilla FC  ,RW,15',Left-footed shot,Neymar
messi,LaLiga,32,4/18/2015,H,Valencia  ,RW,90'+4,Left-footed shot,
messi,LaLiga,33,4/25/2015,A,Espanyol  ,RW,25',Left-footed shot,Luis Suárez
messi,LaLiga,34,4/28/2015,H,Getafe  ,RW,9',Penalty,
messi,,,,,,,47',Left-footed shot,Luis Suárez
messi,LaLiga,35,5/2/2015,A,Córdoba CF  ,RW,47',Header,Dani Alves
messi,,,,,,,80',Left-footed shot,Luis Suárez
messi,Champions League,Semi-Finals,5/6/2015,H,Bayern Munich ,RW,77',Left-footed shot,Dani Alves
messi,,,,,,,80',Right-footed shot,Ivan Rakitic
messi,LaLiga,37,5/17/2015,A,Atlético Madrid  ,RW,65',Left-footed shot,Pedro
messi,LaLiga,38,5/23/2015,H,Dep. La Coruña  ,RW,5',Header,Rafinha
messi,,,,,,,59',Right-footed shot,Neymar
messi,Copa del Rey,Final,5/30/2015,A,Athletic,RW,20',Solo run,
messi,,,,,,,74',Left-footed shot,Dani Alves
messi,UEFA Super Cup,Final,8/11/2015,H,Sevilla FC,RW,7',Direct free kick,
messi,,,,,,,16',Direct free kick,
messi,Supercopa,final,8/17/2015,H,Athletic,RW,43',Left-footed shot,Luis Suárez
messi,LaLiga,3,9/12/2015,A,Atlético Madrid  ,RW,77',Left-footed shot,Luis Suárez
messi,LaLiga,4,9/20/2015,H,Levante  ,AM ,61',Penalty,
messi,,,,,,,90',Left-footed shot,Marc Bartra
messi,Champions League,Group Stage,11/24/2015,H,AS Roma,RW ,18',Left-footed shot,Luis Suárez
messi,,,,,,,60',Tap-in,
messi,LaLiga,13,11/28/2015,H,Real Sociedad  ,RW,90'+1,Left-footed shot,Neymar
messi,Champions League,Group Stage,12/9/2015,A,Bay. Leverkusen,CF ,20',Right-footed shot,Ivan Rakitic
messi,LaLiga,15,12/12/2015,H,Dep. La Coruña  ,RW,39',Direct free kick,
messi,Club World Cup,Final,12/20/2015,A,River Plate,RW,36',Left-footed shot,Neymar
messi,LaLiga,17,12/30/2015,H,Real Betis  ,RW ,33',Right-footed shot,Neymar
messi,Copa del Rey,last 16,1/6/2016,H,Espanyol,RW,13',Left-footed shot,Andrés Iniesta
messi,,,,,,,44',Direct free kick,
messi,LaLiga,19,1/9/2016,H,Granada CF  ,RW ,8',Left-footed shot,Arda Turan
messi,,,,,,,14',Left-footed shot,Luis Suárez
messi,,,,,,,58',Tap-in,
messi,LaLiga,20,1/17/2016,H,Athletic  ,RW,7',Penalty,
messi,LaLiga,21,1/23/2016,A,Málaga CF  ,RW,51',Left-footed shot,Adriano
messi,LaLiga,22,1/30/2016,H,Atlético Madrid  ,RW,30',Left-footed shot,Jordi Alba
messi,Copa del Rey,Semi-Finals,2/3/2016,H,Valencia,RW,29',Left-footed shot,Neymar
messi,,,,,,,59',Left-footed shot,Luis Suárez
messi,,,,,,,74',Left-footed shot,
messi,LaLiga,24,2/14/2016,H,Celta de Vigo  ,RW,28',Direct free kick,
messi,LaLiga,16,2/17/2016,A,Sporting Gijón  ,RW ,25',Left-footed shot,Luis Suárez
messi,,,,,,,31',Left-footed shot,Luis Suárez
messi,Champions League,last 16,2/23/2016,A,Arsenal,RW,71',Left-footed shot,Neymar
messi,,,,,,,83',Penalty,
messi,LaLiga,26,2/28/2016,H,Sevilla FC  ,RW ,31',Direct free kick,
messi,LaLiga,27,3/3/2016,A,Rayo Vallecano  ,RW,23',Left-footed shot,Neymar
messi,,,,,,,53',Left-footed shot,
messi,,,,,,,72',Left-footed shot,Sergio Busquets
messi,LaLiga,28,3/6/2016,A,SD Eibar  ,RW ,42',Left-footed shot,Munir El Haddadi
messi,,,,,,,76',Penalty,
messi,LaLiga,29,3/12/2016,H,Getafe  ,CF,41',Left-footed shot,Arda Turan
messi,Champions League,last 16,3/16/2016,H,Arsenal,RW,86',Left-footed shot,Neymar
messi,LaLiga,33,4/17/2016,H,Valencia  ,RW,63',Left-footed shot,Jordi Alba
messi,LaLiga,34,4/20/2016,A,Dep. La Coruña  ,RW,73',Left-footed shot,Luis Suárez
messi,LaLiga,35,4/23/2016,H,Sporting Gijón  ,RW,13',Header,
messi,LaLiga,37,5/8/2016,H,Espanyol  ,RW,8',Direct free kick,
messi,Supercopa,final,8/17/2016,H,Sevilla FC,RW ,55',Header,Lucas Digne
messi,LaLiga,1,8/20/2016,H,Real Betis  ,RW ,37',Left-footed shot,Sergi Roberto
messi,,,,,,,58',Left-footed shot,Arda Turan
messi,Champions League,Group Stage,9/13/2016,H,Celtic,RW ,3',Left-footed shot,Neymar
messi,,,,,,,27',Left-footed shot,Neymar
messi,,,,,,,60',Left-footed shot,Luis Suárez
messi,LaLiga,4,9/17/2016,A,CD Leganés  ,RW,15',Left-footed shot,Luis Suárez
messi,,,,,,,55',Penalty,
messi,LaLiga,8,10/15/2016,H,Dep. La Coruña  ,RW,58',Left-footed shot,Neymar
messi,Champions League,Group Stage,10/19/2016,H,Man City,RW,17',Left-footed shot,Andrés Iniesta
messi,,,,,,,61',Left-footed shot,Andrés Iniesta
messi,,,,,,,69',Left-footed shot,Luis Suárez
messi,LaLiga,9,10/22/2016,A,Valencia  ,RW,22',Left-footed shot,Ivan Rakitic
messi,,,,,,,90'+4,Penalty,
messi,Champions League,Group Stage,11/1/2016,A,Man City,RW ,21',Left-footed shot,Neymar
messi,LaLiga,11,11/6/2016,A,Sevilla FC  ,RW ,43',Left-footed shot,Neymar
messi,Champions League,Group Stage,11/23/2016,A,Celtic,RW ,24',Left-footed shot,Neymar
messi,,,,,,,55',Penalty,
messi,LaLiga,13,11/27/2016,A,Real Sociedad  ,RW ,59',Left-footed shot,Neymar
messi,Champions League,Group Stage,12/6/2016,H,Bor. M'gladbach,RW,16',Left-footed shot,Arda Turan
messi,LaLiga,15,12/10/2016,A,CA Osasuna  ,RW,72',Left-footed shot,Jordi Alba
messi,,,,,,,90'+2,Left-footed shot,Sergio Busquets
messi,LaLiga,16,12/18/2016,H,Espanyol  ,RW,90',Left-footed shot,Luis Suárez
messi,Copa del Rey,last 16,1/5/2017,A,Athletic,RW,52',Direct free kick,
messi,LaLiga,17,1/8/2017,A,Villarreal  ,RW,90',Direct free kick,
messi,Copa del Rey,last 16,1/11/2017,H,Athletic,RW,78',Direct free kick,
messi,LaLiga,18,1/14/2017,H,UD Las Palmas  ,RW ,52',Right-footed shot,
messi,LaLiga,19,1/22/2017,A,SD Eibar  ,RW ,50',Left-footed shot,Luis Suárez
messi,Copa del Rey,Quarter-Finals,1/26/2017,H,Real Sociedad,RW ,55',Penalty,
messi,Copa del Rey,Semi-Finals,2/1/2017,A,Atlético Madrid,RW ,33',Left-footed shot,Ivan Rakitic
messi,LaLiga,21,2/4/2017,H,Athletic  ,RW ,40',Direct free kick,
messi,LaLiga,22,2/11/2017,A,Alavés  ,RW ,59',Left-footed shot,Neymar
messi,LaLiga,23,2/19/2017,H,CD Leganés  ,RW,4',Right-footed shot,Luis Suárez
messi,,,,,,,90',Penalty,
messi,LaLiga,24,2/26/2017,A,Atlético Madrid  ,RW,86',Left-footed shot,
messi,LaLiga,25,3/1/2017,H,Sporting Gijón  ,RW ,9',Header,Javier Mascherano
messi,LaLiga,26,3/4/2017,H,Celta de Vigo  ,AM ,24',Left-footed shot,Sergio Busquets
messi,,,,,,,64',Left-footed shot,
messi,Champions League,last 16,3/8/2017,H,Paris SG,AM,50',Penalty,
messi,LaLiga,28,3/19/2017,H,Valencia  ,AM,45',Penalty,
messi,,,,,,,53',Right-footed shot,Javier Mascherano
messi,LaLiga,30,4/5/2017,H,Sevilla FC  ,RW,28',Right-footed shot,Luis Suárez
messi,,,,,,,33',Left-footed shot,
messi,LaLiga,32,4/15/2017,H,Real Sociedad  ,RW ,17',Left-footed shot,Luis Suárez
messi,,,,,,,37',Tap-in,
messi,LaLiga,33,4/23/2017,A,Real Madrid  ,RW,33',Left-footed shot,Ivan Rakitic
messi,,,,,,,90'+2,Left-footed shot,Jordi Alba
messi,LaLiga,34,4/26/2017,H,CA Osasuna  ,AM ,12',Left-footed shot,
messi,,,,,,,61',Left-footed shot,Ivan Rakitic
messi,LaLiga,36,5/6/2017,H,Villarreal  ,RW,45',Left-footed shot,Sergio Busquets
messi,,,,,,,82',Penalty,
messi,LaLiga,38,5/21/2017,H,SD Eibar  ,RW,75',Penalty,
messi,,,,,,,90'+2,Right-footed shot,
messi,Copa del Rey,Final,5/27/2017,H,Alavés,RW,30',Left-footed shot,Neymar
messi,Supercopa,final,8/13/2017,H,Real Madrid,RW,77',Penalty,
messi,LaLiga,2,8/26/2017,A,Alavés  ,CF,55',Left-footed shot,Jordi Alba
messi,,,,,,,66',Left-footed shot,Paco Alcácer
messi,LaLiga,3,9/9/2017,H,Espanyol  ,CF,26',Left-footed shot,Ivan Rakitic
messi,,,,,,,35',Right-footed shot,Jordi Alba
messi,,,,,,,67',Left-footed shot,Jordi Alba
messi,Champions League,Group Stage,9/12/2017,H,Juventus,CF,45',Left-footed shot,Luis Suárez
messi,,,,,,,69',Left-footed shot,
messi,LaLiga,5,9/19/2017,H,SD Eibar  ,CF,21',Penalty,
messi,,,,,,,59',Left-footed shot,Sergio Busquets
messi,,,,,,,62',Left-footed shot,Paulinho
messi,,,,,,,87',Left-footed shot,Aleix Vidal
messi,LaLiga,7,10/1/2017,H,UD Las Palmas  ,SS,70',Left-footed shot,Denis Suárez
messi,,,,,,,77',Left-footed shot,Luis Suárez
messi,Champions League,Group Stage,10/18/2017,H,Olympiacos,CF,61',Direct free kick,
messi,LaLiga,10,10/28/2017,A,Athletic  ,SS ,37',Left-footed shot,Jordi Alba
messi,LaLiga,14,12/2/2017,H,Celta de Vigo  ,SS,22',Left-footed shot,Paulinho
messi,LaLiga,15,12/10/2017,A,Villarreal  ,RW ,83',Left-footed shot,Sergio Busquets
messi,LaLiga,17,12/23/2017,A,Real Madrid  ,SS,64',Penalty,
messi,LaLiga,18,1/7/2018,H,Levante  ,SS,12',Left-footed shot,Jordi Alba
messi,Copa del Rey,last 16,1/11/2018,H,Celta de Vigo,SS,13',Left-footed shot,Jordi Alba
messi,,,,,,,15',Left-footed shot,Jordi Alba
messi,LaLiga,19,1/14/2018,A,Real Sociedad  ,SS ,85',Direct free kick,
messi,LaLiga,20,1/21/2018,A,Real Betis  ,SS ,64',Left-footed shot,Sergio Busquets
messi,,,,,,,80',Left-footed shot,Luis Suárez
messi,Copa del Rey,Quarter-Finals,1/25/2018,H,Espanyol,SS,25',Deflected shot on goal,
messi,LaLiga,21,1/28/2018,H,Alavés  ,SS,84',Direct free kick,
messi,Champions League,last 16,2/20/2018,A,Chelsea,SS,75',Left-footed shot,Andrés Iniesta
messi,LaLiga,25,2/24/2018,H,Girona  ,SS ,30',Left-footed shot,Luis Suárez
messi,,,,,,,36',Direct free kick,
messi,LaLiga,26,3/1/2018,A,UD Las Palmas  ,SS,21',Direct free kick,
messi,LaLiga,27,3/4/2018,H,Atlético Madrid  ,SS,26',Direct free kick,
messi,Champions League,last 16,3/14/2018,H,Chelsea,SS,3',Right-footed shot,Luis Suárez
messi,,,,,,,63',Left-footed shot,Luis Suárez
messi,LaLiga,29,3/18/2018,H,Athletic  ,SS ,30',Left-footed shot,Ousmane Dembélé
messi,LaLiga,30,3/31/2018,A,Sevilla FC  ,RW,89',Left-footed shot,Philippe Coutinho
messi,LaLiga,31,4/7/2018,H,CD Leganés  ,SS ,27',Direct free kick,
messi,,,,,,,32',Left-footed shot,Philippe Coutinho
messi,,,,,,,87',Left-footed shot,Ousmane Dembélé
messi,Copa del Rey,Final,4/21/2018,A,Sevilla FC,SS,31',Left-footed shot,Jordi Alba
messi,LaLiga,35,4/29/2018,A,Dep. La Coruña  ,SS ,38',Left-footed shot,Luis Suárez
messi,,,,,,,82',Right-footed shot,Luis Suárez
messi,,,,,,,85',Left-footed shot,Luis Suárez
messi,LaLiga,36,5/6/2018,H,Real Madrid  ,SS,52',Left-footed shot,Luis Suárez
messi,LaLiga,34,5/9/2018,H,Villarreal  ,CF,45',Left-footed shot,Andrés Iniesta
messi,LaLiga,1,8/18/2018,H,Alavés  ,RW ,64',Direct free kick,
messi,,,,,,,90'+2,Left-footed shot,Luis Suárez
messi,LaLiga,3,9/2/2018,H,SD Huesca  ,RW ,16',Right-footed shot,Ivan Rakitic
messi,,,,,,,61',Left-footed shot,Philippe Coutinho
messi,Champions League,Group Stage,9/18/2018,H,PSV Eindhoven,RW ,31',Direct free kick,
messi,,,,,,,77',Left-footed shot,Ivan Rakitic
messi,,,,,,,87',Right-footed shot,Luis Suárez
messi,LaLiga,5,9/23/2018,H,Girona  ,RW ,19',Left-footed shot,Arturo Vidal
messi,Champions League,Group Stage,10/3/2018,A,Spurs,RW ,56',Left-footed shot,Jordi Alba
messi,,,,,,,90',Left-footed shot,Jordi Alba
messi,LaLiga,8,10/7/2018,A,Valencia  ,RW ,23',Left-footed shot,Luis Suárez
messi,LaLiga,9,10/20/2018,H,Sevilla FC  ,RW ,12',Left-footed shot,Luis Suárez
messi,LaLiga,12,11/11/2018,H,Real Betis  ,SS ,68',Penalty,
messi,,,,,,,90'+4,Left-footed shot,Arturo Vidal
messi,Champions League,Group Stage,11/28/2018,A,PSV Eindhoven,CF ,61',Left-footed shot,Ousmane Dembélé
messi,LaLiga,15,12/8/2018,A,Espanyol  ,RW ,17',Direct free kick,
messi,,,,,,,65',Direct free kick,
messi,LaLiga,16,12/16/2018,A,Levante  ,CF ,43',Right-footed shot,Sergio Busquets
messi,,,,,,,47',Left-footed shot,
messi,,,,,,,60',Left-footed shot,Arturo Vidal
messi,LaLiga,17,12/22/2018,H,Celta de Vigo  ,RW ,45',Left-footed shot,Jordi Alba
messi,LaLiga,18,1/6/2019,A,Getafe  ,RW ,20',Left-footed shot,
messi,LaLiga,19,1/13/2019,H,SD Eibar  ,RW ,53',Left-footed shot,Luis Suárez
messi,Copa del Rey,last 16,1/17/2019,H,Levante,CF ,54',Left-footed shot,Nélson Semedo
messi,LaLiga,20,1/20/2019,H,CD Leganés  ,SS,90'+2,Right-footed shot,Jordi Alba
messi,LaLiga,21,1/27/2019,A,Girona  ,RW ,69',Left-footed shot,Jordi Alba
messi,Copa del Rey,Quarter-Finals,1/30/2019,H,Sevilla FC,RW ,90'+2,Left-footed shot,Jordi Alba
messi,LaLiga,22,2/2/2019,H,Valencia  ,RW ,39',Penalty,
messi,,,,,,,64',Left-footed shot,Arturo Vidal
messi,LaLiga,24,2/16/2019,H,Real Valladolid  ,RW ,43',Penalty,
messi,LaLiga,25,2/23/2019,A,Sevilla FC  ,RW ,26',Left-footed shot,Ivan Rakitic
messi,,,,,,,67',Right-footed shot,Ousmane Dembélé
messi,,,,,,,85',Left-footed shot,
messi,LaLiga,27,3/9/2019,H,Rayo Vallecano  ,RW ,51',Penalty,
messi,Champions League,last 16,3/13/2019,H,Olympique Lyon,RW ,18',Penalty,
messi,,,,,,,78',Right-footed shot,Sergio Busquets
messi,LaLiga,28,3/17/2019,A,Real Betis  ,SS ,18',Direct free kick,
messi,,,,,,,45'+2,Left-footed shot,Luis Suárez
messi,,,,,,,85',Left-footed shot,Ivan Rakitic
messi,LaLiga,29,3/30/2019,H,Espanyol  ,RW ,71',Direct free kick,
messi,,,,,,,89',Left-footed shot,Malcom
messi,LaLiga,30,4/2/2019,A,Villarreal  ,RW,90',Direct free kick,
messi,LaLiga,31,4/6/2019,H,Atlético Madrid  ,SS ,87',Left-footed shot,
messi,Champions League,Quarter-Finals,4/16/2019,H,Man Utd,RW ,16',Left-footed shot,
messi,,,,,,,20',Right-footed shot,
messi,LaLiga,35,4/27/2019,H,Levante  ,RW,62',Left-footed shot,Arturo Vidal
messi,Champions League,Semi-Finals,5/1/2019,H,Liverpool,RW ,75',Left-footed shot,Luis Suárez
messi,,,,,,,82',Direct free kick,
messi,LaLiga,38,5/19/2019,A,SD Eibar  ,CF ,31',Left-footed shot,Arturo Vidal
messi,,,,,,,32',Left-footed shot,Ivan Rakitic
messi,Copa del Rey,Final,5/25/2019,H,Valencia,CF ,73',Left-footed shot,Clément Lenglet
messi,LaLiga,8,10/6/2019,H,Sevilla FC  ,RW ,78',Direct free kick,
messi,LaLiga,9,10/19/2019,A,SD Eibar  ,RW ,58',Left-footed shot,Antoine Griezmann
messi,Champions League,Group Stage,10/23/2019,A,Slavia Prague,RW ,3',Left-footed shot,Arthur
messi,LaLiga,11,10/29/2019,H,Real Valladolid  ,RW ,34',Direct free kick,
messi,,,,,,,75',Left-footed shot,Ivan Rakitic
messi,LaLiga,12,11/2/2019,A,Levante  ,RW ,38',Penalty,
messi,LaLiga,13,11/9/2019,H,Celta de Vigo  ,RW ,23',Penalty,
messi,,,,,,,45'+1,Direct free kick,
messi,,,,,,,48',Direct free kick,
messi,Champions League,Group Stage,11/27/2019,H,Bor. Dortmund,RW ,33',Left-footed shot,Luis Suárez
messi,LaLiga,15,12/1/2019,A,Atlético Madrid  ,RW ,86',Left-footed shot,Luis Suárez
messi,LaLiga,16,12/7/2019,H,RCD Mallorca  ,RW ,17',Left-footed shot,Antoine Griezmann
messi,,,,,,,41',Left-footed shot,Ivan Rakitic
messi,,,,,,,83',Left-footed shot,Luis Suárez
messi,LaLiga,18,12/21/2019,H,Alavés  ,RW ,69',Left-footed shot,Luis Suárez
messi,Supercopa,Semi-Finals,1/9/2020,H,Atlético Madrid,RW ,51',Right-footed shot,Luis Suárez
messi,LaLiga,20,1/19/2020,H,Granada CF  ,CF ,76',Right-footed shot,Arturo Vidal
messi,Copa del Rey,Round of 16,1/30/2020,H,CD Leganés,RW ,59',Left-footed shot,Frenkie de Jong
messi,,,,,,,89',Left-footed shot,Ivan Rakitic
messi,LaLiga,25,2/22/2020,H,SD Eibar  ,SS ,14',Left-footed shot,Ivan Rakitic
messi,,,,,,,37',Left-footed shot,Arturo Vidal
messi,,,,,,,40',Left-footed shot,
messi,,,,,,,87',Left-footed shot,
messi,LaLiga,27,3/7/2020,H,Real Sociedad  ,CF ,81',Penalty,
messi,LaLiga,28,6/13/2020,A,RCD Mallorca  ,RW ,90'+3,Right-footed shot,Luis Suárez
messi,LaLiga,29,6/16/2020,H,CD Leganés  ,RW ,69',Penalty,
messi,LaLiga,33,6/30/2020,H,Atlético Madrid  ,SS ,50',Penalty,
messi,LaLiga,37,7/16/2020,H,CA Osasuna  ,RW ,62',Direct free kick,
messi,LaLiga,38,7/19/2020,A,Alavés  ,RW ,34',Left-footed shot,Riqui Puig
messi,,,,,,,75',Left-footed shot,Jordi Alba
messi,Champions League,last 16,8/8/2020,H,SSC Napoli,SS ,23',Left-footed shot,
messi,LaLiga,3,9/27/2020,H,Villarreal  ,CF ,35',Penalty,
messi,Champions League,Group Stage,10/20/2020,H,Ferencváros,CF ,27',Penalty,
messi,Champions League,Group Stage,10/28/2020,A,Juventus,CF ,90'+1,Penalty,
messi,Champions League,Group Stage,11/4/2020,H,Dynamo Kyiv,RW ,5',Penalty,
messi,LaLiga,9,11/7/2020,H,Real Betis  ,SS,61',Penalty,
messi,,,,,,,82',Left-footed shot,Sergi Roberto
messi,LaLiga,11,11/29/2020,H,CA Osasuna  ,RW ,73',Left-footed shot,Trincão
messi,LaLiga,13,12/13/2020,H,Levante  ,CF ,76',Left-footed shot,Frenkie de Jong
messi,LaLiga,14,12/19/2020,H,Valencia  ,CF ,45'+4,Header,
messi,LaLiga,15,12/22/2020,A,Real Valladolid  ,SS ,65',Left-footed shot,Pedri
